node,in_degree,out_degree
1,0,3
1782,1,1
2852,4,5
5089,1,0
2,0,4
325,1,1
338,2,2
342,7,2
3531,8,0
3,0,2
761,2,7
2885,1,1
4,0,2
3051,3,2
5,0,5
782,3,4
1784,2,3
4065,6,0
4599,1,0
5100,1,0
6,0,4
15,1,4
330,2,2
2910,3,2
7,0,2
3460,3,2
4066,2,0
8,0,1
4067,3,0
9,0,4
1976,2,2
1977,2,2
4068,5,0
5243,2,0
10,0,10
1613,4,8
1742,3,13
2392,2,2
3078,4,4
3682,3,4
5182,1,0
5183,1,0
5184,1,0
5242,1,0
11,0,4
462,2,0
3783,2,0
4069,7,0
4070,8,0
12,0,2
1202,1,1
3021,1,1
13,0,1
2315,1,1
14,0,4
721,1,3
803,1,1
2331,6,4
5578,2,0
332,4,2
340,1,1
344,1,1
16,0,6
22,1,5
157,1,1
175,1,5
227,1,1
1260,3,6
4209,2,0
17,0,2
634,2,7
2578,3,4
18,0,2
19,0,3
326,1,2
819,3,2
3414,2,0
20,0,1
4071,4,0
21,0,1
170,1,1
199,1,1
229,4,3
3871,2,1
23,0,2
2611,4,2
3911,1,1
24,0,4
25,1,1
184,3,0
238,2,0
2175,2,7
26,0,7
831,2,1
3275,4,3
3398,2,0
6478,2,0
6479,2,0
6480,2,0
6481,2,0
27,0,1
4072,3,0
28,0,4
534,1,3
561,1,1
1879,3,2
4073,3,0
29,0,2
38,1,2
3946,2,3
30,0,5
555,1,3
592,1,1
2456,1,3
2517,1,2
2683,1,2
31,0,5
2533,9,3
2571,1,0
4074,2,0
5704,1,0
5705,1,0
32,0,4
369,1,5
2430,1,2
2655,3,0
4075,1,0
33,0,4
57,1,1
2428,1,2
4076,1,0
4442,5,0
34,0,7
556,1,2
2454,2,2
2663,2,1
5682,2,0
5762,3,0
6606,1,0
6607,1,0
35,0,2
1278,1,2
4077,2,0
36,0,3
288,1,4
2444,1,4
2504,1,4
37,0,4
4236,5,0
4452,2,0
224,1,1
4078,2,0
39,0,5
80,1,6
486,1,6
4168,5,0
4226,2,0
4227,2,0
40,0,9
62,2,4
149,2,5
243,2,1
264,1,1
272,2,1
493,5,1
4107,2,0
4194,2,0
4223,3,0
41,0,5
514,4,1
4097,2,0
4098,2,0
42,0,4
253,1,3
279,1,1
523,2,2
4234,2,0
43,0,3
266,1,4
284,1,2
4079,2,0
44,0,6
47,1,3
48,2,3
55,1,1
78,1,1
1868,2,1
3407,5,0
45,0,8
51,2,0
67,2,3
70,2,0
81,1,1
4080,2,0
5945,1,0
5946,1,0
46,0,2
3184,2,0
5195,1,0
489,2,1
3406,5,0
49,1,1
1870,3,2
490,3,0
50,0,3
1869,2,4
5934,1,0
52,0,2
2503,1,1
3104,2,1
53,0,1
54,0,1
56,0,2
3445,3,0
3953,1,2
4081,1,0
58,0,8
568,1,0
2427,1,0
2432,1,0
2433,1,0
2434,1,0
2547,1,1
2573,2,2
5727,4,0
59,0,5
2311,1,1
2668,1,3
6537,1,0
6538,1,0
6540,1,0
60,0,2
2270,1,0
3467,2,0
61,0,2
2594,1,1
4082,4,0
241,1,1
372,1,2
4106,2,0
63,0,5
79,1,7
139,1,6
456,2,2
4099,3,0
4177,2,0
64,0,3
66,1,2
4083,3,0
65,0,4
251,2,1
312,2,1
368,1,4
4084,3,0
147,1,2
4085,2,0
487,1,5
68,0,2
3502,2,0
4086,1,0
69,0,5
273,2,1
4087,1,0
4088,1,0
4089,1,0
4090,2,0
71,0,5
4091,2,0
4092,2,0
4093,2,0
4094,2,0
4095,2,0
72,0,9
82,1,3
261,2,4
303,3,0
313,1,0
314,2,0
2357,2,0
2358,2,0
73,0,2
3296,3,0
4096,1,0
74,0,6
2228,2,1
3266,2,4
5005,2,0
5629,2,0
5630,2,0
6024,1,0
75,0,3
77,1,1
1946,3,3
76,0,2
138,1,1
270,2,2
275,2,1
282,3,2
4100,2,0
268,1,5
4101,1,0
4102,1,0
4103,2,0
4104,2,0
4105,2,0
137,1,4
311,2,1
319,2,0
83,0,2
3127,2,0
4108,1,0
84,0,7
92,1,4
259,1,1
281,1,1
2372,1,0
4109,1,0
4239,1,0
4390,2,0
85,0,2
120,2,7
4110,1,0
86,0,7
1816,4,5
1934,3,0
4111,1,0
4169,1,0
4183,1,0
5212,1,0
87,0,4
113,2,8
473,3,3
4112,1,0
4184,1,0
88,0,2
128,1,7
4113,1,0
89,0,4
1855,3,0
4114,1,0
4186,1,0
5516,3,0
90,0,3
93,2,4
97,1,2
4115,1,0
91,0,2
4116,1,0
908,1,0
3686,2,0
4117,1,0
4187,1,0
378,2,1
4118,1,0
4188,1,0
4344,2,0
94,0,2
2343,3,0
4119,1,0
95,0,10
115,1,1
119,1,3
129,1,1
1022,2,3
3141,3,0
3981,3,0
4120,1,0
4189,1,0
4277,2,0
6210,1,0
96,0,3
474,2,3
3186,2,0
4121,1,0
4122,1,0
98,0,2
4123,1,0
99,0,2
3968,3,0
4124,1,0
100,0,2
4125,1,0
101,0,6
111,1,7
375,2,0
4126,1,0
5818,1,0
5819,1,0
102,0,3
277,2,1
4127,2,0
103,0,8
2312,2,1
3733,1,0
4128,1,0
4152,1,0
5579,1,0
6372,1,0
6373,1,0
6620,2,0
104,0,4
2200,3,0
3162,3,0
4129,1,0
4153,1,0
105,0,10
246,1,1
3115,2,1
3128,1,1
4130,1,0
4154,1,0
4714,1,0
106,0,4
4131,1,0
4155,1,0
107,0,4
109,1,7
1917,1,2
4132,1,0
4156,1,0
108,0,2
2193,2,1
4133,1,0
121,1,2
132,1,2
463,2,0
481,2,0
1106,1,2
3980,3,0
4134,1,0
110,0,2
2211,3,0
4135,1,0
248,1,1
260,1,1
4136,1,0
4157,1,0
6608,3,0
112,0,3
475,3,4
1902,1,1
4137,1,0
247,2,1
418,2,5
471,2,0
4138,1,0
5618,2,0
6628,1,0
114,0,2
4139,1,0
4140,1,0
116,0,3
4141,1,0
5419,3,0
117,0,6
118,1,5
451,3,6
2389,1,0
4142,1,0
135,1,2
4143,1,0
4165,1,0
4174,1,0
3014,2,0
4144,1,0
142,1,1
2849,3,0
4145,1,0
4146,1,0
6127,1,0
122,0,2
321,2,0
4147,2,0
123,0,6
256,2,1
444,1,2
4148,3,0
4149,3,0
4150,2,0
4151,1,0
124,0,7
464,2,0
881,1,0
4158,1,0
5205,1,0
5206,1,0
125,0,7
127,1,3
465,2,0
3291,2,1
3977,1,2
4159,1,0
4171,1,0
4175,1,0
126,0,7
467,2,0
1107,2,0
4160,1,0
4172,1,0
3292,2,0
4161,1,0
143,1,1
2077,3,1
3077,1,1
4162,1,0
4173,1,0
5599,1,0
5600,1,0
4163,1,0
130,0,2
4164,1,0
131,0,4
3786,3,0
4166,1,0
4392,2,0
3359,1,0
4167,1,0
133,0,3
134,1,2
242,1,3
4170,1,0
136,0,2
4176,1,0
361,1,1
545,3,0
564,1,3
244,1,6
4178,1,0
4179,1,0
140,0,4
469,1,8
4180,1,0
5571,2,0
141,0,2
4181,1,0
4182,1,0
4185,1,0
144,0,2
4190,1,0
145,0,5
146,1,1
1754,1,1
1755,1,1
1760,1,1
1788,2,1
4191,6,0
148,1,1
4192,1,0
542,1,1
280,1,2
286,1,1
4193,1,0
150,0,2
171,2,7
194,3,4
151,0,3
152,1,4
210,2,3
219,8,5
153,1,1
4195,3,0
4196,4,0
4197,2,0
154,0,2
4198,3,0
155,0,3
180,3,1
226,4,1
4199,2,0
156,0,3
174,1,1
215,2,3
4200,1,0
2606,1,2
158,0,2
233,2,3
4201,1,0
159,0,2
160,0,2
161,0,4
232,1,1
327,1,2
162,0,6
163,1,1
167,1,2
208,4,2
328,1,4
3668,2,3
164,0,4
191,1,2
201,1,1
4202,1,0
165,0,8
166,1,2
183,1,3
198,4,2
223,2,1
3076,8,1
4203,2,0
178,2,3
221,1,2
4204,2,0
168,0,1
213,3,2
169,0,3
225,4,2
230,1,1
331,1,4
228,1,1
235,1,1
4205,2,0
4206,2,0
172,0,2
173,1,1
205,1,1
3401,1,1
176,1,1
195,1,1
334,2,1
4207,1,0
177,0,2
335,2,1
4208,2,0
234,2,1
1198,2,0
179,0,2
181,0,2
182,0,1
185,1,2
187,1,5
4210,1,0
206,1,1
4211,2,0
186,0,1
4212,3,0
4213,2,0
188,0,2
204,1,1
189,0,2
212,1,1
190,0,1
4214,2,0
192,1,1
4063,1,0
193,0,1
240,4,1
3636,3,0
4215,1,0
196,0,2
209,1,1
197,0,2
200,0,2
3541,2,1
202,0,2
207,1,1
1982,2,6
203,0,2
4216,3,0
4217,2,0
211,1,1
2808,2,0
4218,1,0
3015,1,1
214,0,2
220,1,1
2898,2,0
4219,1,0
216,0,1
217,0,2
1011,3,1
218,0,2
222,2,2
4266,4,0
4220,2,0
4060,3,0
231,0,1
236,1,1
237,1,1
355,5,1
4221,1,0
239,1,1
4222,1,0
255,1,2
4224,2,0
4225,2,0
245,0,6
274,1,1
2371,1,0
3384,2,1
3734,2,1
4228,1,0
4244,1,0
4229,1,0
4230,1,0
4231,1,0
249,0,3
4232,1,0
250,0,1
252,0,1
267,1,1
4233,1,0
254,0,4
257,0,2
3758,2,0
4235,3,0
258,0,2
578,1,4
4237,1,0
4238,1,0
262,1,1
5388,2,0
263,0,2
265,0,2
2572,3,0
4240,2,0
278,2,1
283,2,1
4241,2,0
4242,2,0
4243,1,0
269,0,4
2546,2,1
2740,3,1
5710,3,0
271,1,1
521,4,1
4245,1,0
4246,1,0
276,0,2
4247,1,0
4248,1,0
4249,2,0
4250,1,0
4251,1,0
285,1,2
4252,1,0
4253,1,0
4254,1,0
4255,1,0
4256,1,0
4257,1,0
287,0,2
2409,1,2
4258,7,0
2481,1,1
3603,5,0
3957,2,2
4259,5,0
289,0,4
2438,3,2
2455,2,1
2612,4,3
5773,1,0
290,0,4
294,1,1
459,1,2
511,2,2
4422,2,0
291,0,2
296,1,5
2596,3,1
292,0,4
2437,1,4
2623,1,2
4260,2,0
5729,3,0
293,0,4
1856,1,1
1859,2,1
3339,1,1
4059,1,1
512,1,2
295,0,2
2271,1,0
3468,2,0
2619,1,3
2620,2,1
297,0,6
306,2,0
315,4,0
316,2,0
317,1,0
2118,3,3
298,0,6
299,1,1
300,1,2
320,2,0
2121,3,0
301,1,1
307,3,6
302,0,2
304,0,3
4264,2,0
305,0,2
318,2,0
308,1,4
309,1,1
2122,3,0
310,2,6
4261,2,0
4262,1,0
4263,1,0
4456,2,0
4457,2,0
322,2,1
323,0,3
603,1,1
2332,1,2
324,0,2
346,2,2
4265,3,0
329,1,1
4267,2,0
689,2,2
336,2,2
356,1,2
4268,2,0
4269,3,0
333,0,2
2580,1,2
4270,1,0
4271,1,0
337,0,2
4272,2,0
339,0,2
5022,2,0
341,0,2
343,1,1
3684,2,0
345,0,3
348,1,1
347,0,1
2750,3,4
349,0,2
4062,3,0
4273,3,0
350,0,2
352,2,2
3194,3,1
351,0,2
4274,2,0
353,0,2
2617,3,1
354,0,2
3956,4,2
357,0,3
359,1,1
3150,3,1
6216,1,0
358,0,3
882,1,1
2725,2,0
4455,2,0
4064,1,1
360,0,6
362,1,4
364,1,1
519,2,2
3000,2,0
3001,2,0
4275,4,0
461,2,4
365,1,1
479,2,0
4445,2,0
363,0,5
446,2,3
2277,4,0
3780,1,1
4395,2,0
517,1,1
366,0,1
367,0,3
460,2,3
509,1,1
522,1,3
373,1,3
455,3,1
2020,2,0
928,1,1
1743,2,2
2722,1,0
4276,1,0
5667,4,0
370,0,5
1871,6,2
371,0,4
379,2,2
3779,2,2
374,0,5
415,2,1
3417,2,0
4779,2,0
5295,1,0
376,0,10
2001,4,2
2840,2,0
2841,1,1
3785,2,0
4033,4,0
5156,2,0
5157,2,0
377,0,8
1839,1,1
2252,1,2
2253,1,1
3439,2,0
3995,2,0
4278,2,0
4334,1,0
5318,1,0
380,0,6
428,1,3
627,3,0
3594,2,0
3595,2,0
4279,1,0
4345,1,0
381,0,3
414,1,6
2003,1,5
4280,1,0
382,0,2
655,3,0
4281,1,0
383,0,7
400,1,3
403,1,7
3270,2,1
3988,2,0
4282,1,0
4424,1,0
5309,1,0
384,0,11
435,1,4
480,1,1
2005,2,1
2006,2,1
3545,3,0
4283,1,0
4346,1,0
4778,3,0
5294,1,0
6374,2,0
385,0,5
416,1,7
468,2,6
3322,2,0
4284,1,0
4347,1,0
386,0,12
407,3,3
408,1,3
501,2,1
3521,2,1
3527,2,0
4285,1,0
4348,1,0
4999,2,0
5001,2,0
5304,1,0
387,0,4
420,2,6
4286,1,0
4349,1,0
388,0,2
4287,1,0
389,0,2
2256,3,0
4288,1,0
390,0,8
404,1,3
447,3,1
4289,1,0
4350,1,0
5305,1,0
5306,1,0
391,0,4
413,1,2
4290,1,0
4351,1,0
392,0,10
886,1,0
2179,3,0
2285,2,1
2832,2,1
2936,1,0
2977,2,0
4291,1,0
5290,1,0
393,0,4
1924,4,3
2236,1,2
4292,1,0
394,0,8
2872,2,0
2873,3,0
4293,1,0
4352,1,0
4966,2,0
4967,2,0
395,0,10
412,1,2
1921,1,0
1922,1,0
2235,1,1
2988,3,1
3152,2,0
3191,1,0
4294,1,0
5292,1,0
396,0,5
440,3,2
3976,1,0
4295,1,0
6619,2,0
397,0,2
4296,1,0
398,0,4
436,2,7
4297,1,0
4973,2,0
4974,2,0
399,0,2
439,2,5
4298,1,0
3161,3,0
4299,1,0
4353,1,0
401,0,4
426,2,5
472,4,3
2388,1,0
4300,1,0
402,0,3
441,2,9
4301,1,0
3114,1,1
4302,1,0
4354,1,0
4971,2,0
5310,1,0
448,1,2
4303,1,0
405,0,2
4304,1,0
406,0,3
4305,1,0
4306,1,0
4356,1,0
4378,1,0
4307,1,0
4357,1,0
409,0,2
2162,2,1
4308,1,0
410,0,7
4309,1,0
4359,1,0
4379,1,0
5293,1,0
411,0,8
3289,2,0
3290,1,1
4310,1,0
6095,1,0
4311,1,0
5000,2,0
443,1,2
4312,1,0
2004,3,3
3771,2,0
3772,2,0
4313,1,0
4360,1,0
5298,1,0
4314,1,0
429,1,2
682,3,0
2283,1,0
2284,1,0
3975,2,0
4315,1,0
5552,1,0
417,0,4
431,3,4
477,2,5
4316,1,0
4362,1,0
3172,6,0
4317,1,0
5299,1,0
419,0,4
3963,2,0
4318,1,0
4363,1,0
3185,2,0
3508,3,0
4319,1,0
4364,1,0
421,0,5
430,1,5
2780,1,1
3013,2,1
4320,1,0
4365,1,0
422,0,3
424,1,2
4321,1,0
423,0,2
4322,1,0
4323,1,0
425,0,3
4324,1,0
4325,1,0
5307,1,0
427,0,3
3784,2,0
4326,1,0
4327,1,0
4368,1,0
3509,2,0
4328,1,0
432,1,7
895,1,0
4329,1,0
4369,1,0
4330,1,0
4387,2,0
5649,2,0
2265,2,0
4331,1,0
4370,1,0
4388,2,0
5313,1,0
433,0,3
4332,1,0
5472,2,0
434,0,9
499,1,2
3985,2,0
3986,1,1
3989,2,0
4333,1,0
5013,2,0
5314,1,0
6106,1,0
1943,2,2
4335,1,0
4371,1,0
959,2,2
1854,2,0
4336,1,0
4372,1,0
5319,1,0
437,0,4
4337,1,0
4373,1,0
6155,2,0
438,0,2
3121,2,1
4338,1,0
3283,1,0
4339,1,0
4376,1,0
4340,1,0
4377,1,0
2963,2,0
3130,1,1
4341,1,0
4374,1,0
4389,2,0
5315,1,0
442,0,2
3974,1,2
4342,1,0
482,1,4
4343,1,0
520,3,2
445,0,6
587,1,0
590,1,4
3196,1,3
4032,4,1
6494,2,0
457,1,4
1875,1,0
4355,1,0
4358,1,0
449,0,5
683,3,0
3510,2,0
3973,1,1
4361,1,0
6030,1,0
450,0,3
4366,1,0
4367,1,0
5308,1,0
452,0,2
3119,2,1
4375,1,0
453,0,4
497,3,3
518,3,2
454,0,2
458,1,3
541,1,2
6044,1,0
4380,1,0
4381,3,0
532,1,3
540,3,2
4382,1,0
4383,1,0
3287,4,1
4384,1,0
6097,1,0
466,0,2
3978,2,0
4385,2,0
4391,2,0
4394,2,0
2052,1,4
3882,2,0
3996,2,0
5572,2,0
6477,2,0
470,0,4
5300,1,0
3129,1,0
4386,2,0
6617,1,0
476,0,4
4635,1,0
4636,1,0
478,1,1
502,1,2
503,1,3
5296,1,0
2342,2,2
483,0,2
574,1,1
2070,1,2
484,0,3
510,1,3
4393,5,0
485,0,6
544,2,2
550,1,1
1872,1,2
1874,5,0
4446,3,0
4396,1,0
4397,1,0
4398,2,0
4399,1,0
548,1,2
5387,2,0
488,0,4
528,2,2
4400,1,0
4401,1,0
491,0,7
4402,1,0
4403,1,0
4404,1,0
4405,1,0
4406,1,0
4407,1,0
492,0,4
529,2,1
494,0,2
495,0,2
496,1,2
4006,2,0
4408,1,0
4409,1,0
498,0,2
526,2,1
4410,1,0
5002,2,0
500,0,2
4411,1,0
5431,4,0
4412,1,0
3969,3,0
4413,1,0
4414,1,0
4425,1,0
504,0,4
506,1,4
2809,6,1
4415,1,0
4426,1,0
505,0,2
4416,1,0
4417,1,0
5317,1,0
507,0,4
3418,2,0
4418,1,0
4428,1,0
508,0,2
3405,1,1
4419,1,0
525,1,2
4420,2,0
4421,2,0
513,2,0
515,0,4
4423,2,0
516,0,2
4427,1,0
4429,1,0
4430,1,0
2278,2,1
4431,1,0
4432,1,0
4433,1,0
4434,1,0
4435,2,0
4436,1,0
4437,2,0
524,0,2
2307,2,1
4438,2,0
4439,2,0
4440,1,0
4441,1,0
527,0,4
2557,3,3
2694,1,0
3102,4,0
4443,1,0
4444,1,0
530,0,2
531,0,3
543,1,6
546,1,3
549,1,3
553,4,0
533,0,2
557,1,5
2721,2,0
2521,1,0
5685,3,0
535,0,5
552,4,1
554,2,1
3103,2,0
5471,1,0
536,0,3
547,2,0
537,0,6
539,1,2
1867,1,4
2241,2,0
5526,1,0
538,0,2
2894,1,0
565,2,0
4020,2,0
4021,2,0
3002,2,0
3003,2,0
6038,1,0
4447,2,0
5067,1,0
551,0,3
580,1,2
822,1,2
5446,3,0
4448,3,0
3931,2,0
5767,3,0
2682,2,1
2744,3,0
2745,1,1
2746,1,1
558,0,2
4022,2,0
559,0,2
4023,2,0
560,0,4
2424,2,2
2575,3,1
4449,2,0
562,0,4
2467,1,3
2490,1,1
5702,4,0
563,0,2
2496,3,1
4450,3,0
566,1,1
3168,1,1
4451,1,0
567,0,1
2329,1,1
569,0,2
3959,3,2
570,0,2
3930,1,1
571,0,2
2453,2,1
2478,1,2
572,0,3
956,2,4
2649,1,0
573,0,2
584,1,0
2412,1,3
575,0,4
2577,1,2
2602,2,2
3613,6,0
576,0,4
1012,1,1
3909,1,1
4453,2,0
577,0,2
1853,1,1
2622,2,2
2689,1,0
2690,1,0
5768,1,0
579,0,2
2654,1,4
4454,5,0
2123,1,3
2464,1,2
581,0,6
1224,2,2
2021,1,2
2629,4,1
2630,1,1
2631,2,2
2632,3,3
582,0,2
583,0,2
585,0,1
591,1,2
586,0,2
1753,1,1
3782,2,0
588,0,3
2633,2,0
3615,8,0
589,0,2
6657,1,0
4458,3,0
4459,2,0
4460,2,0
4461,3,0
593,1,2
821,1,3
594,0,2
595,0,2
3060,1,1
4462,3,0
596,0,1
2264,3,3
597,0,2
716,1,1
3304,2,1
598,0,1
2117,3,8
599,0,1
1860,1,2
600,0,1
2050,1,3
601,0,1
3622,5,0
602,0,4
1829,1,1
2515,1,0
4463,1,0
2615,1,1
604,0,3
3023,1,1
3907,4,3
4464,2,0
605,0,5
622,1,2
2251,3,5
3544,2,1
4465,2,0
606,0,2
1901,1,2
4466,2,0
607,0,3
2990,2,3
3207,3,2
608,0,2
2801,3,1
3263,2,2
609,0,2
3334,2,0
3430,2,4
610,0,1
4467,3,0
611,0,1
4468,3,0
612,0,6
697,1,1
1118,2,1
3273,5,0
3306,1,1
4469,2,0
4470,2,0
613,0,1
3278,3,2
614,0,2
2836,2,1
4471,2,0
615,0,2
617,1,1
4472,3,0
616,0,3
1095,1,2
1318,2,2
3554,2,2
3890,3,1
618,0,4
2480,1,4
2748,1,0
3944,2,1
619,0,2
2361,2,1
3638,7,2
620,0,2
3294,1,1
621,0,5
2146,1,2
3252,3,2
3324,3,2
4473,2,0
4474,2,0
3863,3,0
623,0,9
624,1,1
1345,1,1
1426,3,3
1472,2,2
1581,2,0
4475,1,0
4476,1,0
4477,1,0
5341,1,0
4478,1,0
625,0,3
2605,2,1
3646,1,1
626,0,2
939,1,2
2366,1,2
628,0,2
2919,3,1
629,0,2
1138,2,5
3708,6,1
630,0,2
1135,3,1
4479,2,0
631,0,2
3711,2,0
4480,3,0
632,0,5
849,1,1
2851,2,3
2906,3,1
4482,1,0
4489,2,0
633,0,5
1185,1,1
1246,1,2
4481,1,0
4483,3,0
4488,2,0
1225,1,1
4484,1,0
4485,7,0
4486,2,0
4487,1,0
635,0,2
690,1,2
4490,4,0
636,0,1
2763,1,5
637,0,3
4685,1,0
4686,3,0
638,0,1
4491,3,0
639,0,2
2084,4,4
3552,3,2
640,0,2
4492,4,0
4493,2,0
641,0,4
1111,1,6
1849,4,4
2159,1,3
4494,1,0
642,0,2
4495,2,0
643,0,5
3899,5,2
4496,2,0
4497,2,0
644,0,6
706,1,3
2309,2,1
3900,2,3
645,0,2
890,1,3
4498,1,0
646,0,7
1379,2,1
1410,1,1
1550,3,7
4499,1,0
4500,1,0
4501,1,0
4502,1,0
647,0,4
1480,2,5
1542,1,3
4503,1,0
4504,1,0
648,0,4
3276,4,3
3330,4,2
4505,2,0
4506,2,0
649,0,2
3453,2,2
650,0,3
1119,1,5
1267,2,0
2362,3,3
651,0,4
2186,2,2
4507,1,0
4508,1,0
652,0,2
4509,2,0
653,0,3
3481,6,0
4510,2,0
654,0,5
5316,1,0
5430,2,0
5822,1,0
656,0,2
4511,3,0
657,0,1
854,1,1
658,0,3
1877,2,7
3757,2,1
4512,2,0
659,0,9
739,1,3
907,1,2
1113,2,0
1296,1,1
2244,3,3
2355,2,3
3032,4,3
3902,3,2
660,0,2
2087,2,3
3073,4,5
661,0,2
4513,2,0
4514,2,0
662,0,1
663,0,1
2250,3,8
664,0,2
2904,2,3
3282,4,4
665,0,2
3262,8,1
4515,7,0
666,0,7
667,1,3
1989,5,7
5286,1,0
5931,1,0
5932,1,0
5976,1,0
6321,3,0
1996,4,3
5234,1,0
5235,1,0
668,0,3
833,1,2
2986,3,2
4516,2,0
669,0,2
723,2,5
4517,2,0
670,0,2
4518,1,0
671,0,1
3499,2,2
672,0,1
3358,5,1
673,0,1
674,0,3
675,0,2
3067,2,1
3392,1,1
676,0,2
4519,2,0
677,0,2
2153,2,3
678,0,1
3506,3,1
679,0,1
3507,6,5
680,0,1
681,0,1
3301,3,2
684,0,2
4520,3,0
5661,2,0
685,0,2
3910,2,1
5660,2,0
686,0,2
4521,1,0
5577,2,0
687,0,7
4522,3,0
5138,2,0
5587,1,0
5590,1,0
6319,2,0
688,0,2
1610,1,1
1611,1,1
6289,2,0
4523,2,0
691,0,3
2843,3,5
4524,6,0
692,0,6
2033,1,1
2178,2,0
2306,2,2
3416,1,1
5582,2,0
6028,1,0
693,0,2
2243,1,5
3214,5,2
694,0,1
3025,4,3
695,0,2
2338,1,4
696,0,2
1969,1,1
4525,3,0
3764,3,1
698,0,3
780,1,2
1845,1,3
3321,2,3
699,0,1
3047,4,1
700,0,3
914,1,1
4526,2,0
4527,3,0
701,0,2
709,1,2
3754,3,2
702,0,2
4528,1,0
703,0,2
2019,1,2
4529,2,0
704,0,4
1186,1,1
1208,1,5
4530,3,0
4531,3,0
705,0,6
3075,1,2
3251,2,2
4532,2,0
4533,2,0
4534,1,0
4535,1,0
3850,5,0
4536,2,0
707,0,2
2903,2,3
4537,4,0
708,0,3
1244,1,2
3858,2,0
4538,2,0
4539,2,0
710,0,2
1103,2,3
3624,3,2
711,0,5
1082,1,3
1850,2,4
3277,3,5
3329,2,2
4540,2,0
712,0,2
3045,4,1
3637,1,3
713,0,2
3767,2,1
714,0,4
3496,1,1
4541,1,0
4542,3,0
4543,2,0
715,0,2
2842,3,2
2976,1,2
717,0,2
1257,1,5
718,0,1
2023,1,7
719,0,1
3458,2,1
720,0,4
1747,2,0
3048,2,1
4544,2,0
4545,2,0
1099,2,1
722,0,2
1970,3,1
3528,5,3
809,2,1
926,1,1
4546,1,0
4548,2,0
4549,2,0
724,0,8
1192,1,3
2083,1,1
2829,1,2
2915,5,2
3256,5,2
4547,8,0
725,0,1
4550,2,0
726,0,4
2300,1,3
4551,1,0
4552,1,0
727,0,1
728,0,1
3979,6,1
729,0,1
730,0,2
3346,4,5
4553,3,0
731,0,2
4554,2,0
4555,3,0
732,0,2
733,0,1
735,2,11
734,0,1
1179,1,5
1194,1,3
1290,2,2
3035,5,7
4556,2,0
4557,1,0
4558,1,0
4559,3,0
4560,2,0
4561,1,0
4562,1,0
736,0,2
3376,3,0
3706,2,3
737,0,2
4563,2,0
4564,2,0
738,0,2
4565,2,0
1001,3,3
740,0,2
741,0,1
4566,3,0
742,0,4
1351,2,0
1428,3,9
4567,1,0
4568,1,0
743,0,3
2811,1,1
4569,2,0
5289,1,0
744,0,3
2812,1,1
4570,2,0
5288,1,0
745,0,5
1959,2,1
3514,6,3
3859,5,2
4571,2,0
746,0,1
3389,3,1
747,0,2
1116,1,4
2030,1,3
748,0,5
1526,3,4
4572,1,0
4573,1,0
4574,1,0
749,0,2
1086,1,2
750,0,2
3630,4,1
4575,1,0
751,0,2
1324,2,1
1744,3,4
752,0,1
857,1,1
753,0,3
1102,1,5
4576,3,0
4577,2,0
754,0,2
3101,1,1
4578,2,0
755,0,4
756,1,2
1882,1,2
2914,2,1
4579,2,0
3971,11,2
757,0,2
1830,2,2
4580,1,0
758,0,2
4581,1,0
759,0,2
3318,1,1
4582,1,0
760,0,2
3315,2,0
4583,1,0
1766,1,1
1767,1,2
1781,3,2
1792,2,0
5076,4,0
5078,2,0
5831,2,0
762,0,4
843,1,1
1230,1,2
2994,2,5
4584,2,0
763,0,2
4585,2,0
764,0,1
3408,3,2
765,0,1
766,0,1
1898,1,5
767,0,1
4586,5,0
768,0,1
769,0,10
770,1,1
771,1,1
1414,1,3
1432,2,4
1501,2,0
1512,3,6
1539,2,0
4587,1,0
4588,1,0
5365,1,0
4589,2,0
1488,1,3
772,0,1
2805,2,6
773,0,1
4590,5,0
774,0,1
2793,3,1
775,0,1
3197,2,2
776,0,1
4591,2,0
777,0,1
4592,2,0
778,0,1
779,0,2
2347,1,2
4593,2,0
781,0,6
2293,2,1
3864,6,1
4594,1,0
4595,2,0
4596,1,0
4597,3,0
4598,3,0
783,0,2
1055,1,3
3413,3,3
784,0,3
1295,1,1
3316,1,1
785,0,2
3026,4,2
3250,3,3
786,0,1
787,0,1
788,0,2
1311,1,1
789,0,2
790,1,6
791,1,2
1824,4,5
4600,2,0
4601,2,0
4602,2,0
4603,1,0
4604,1,0
1823,3,2
792,0,1
4605,3,0
793,0,1
4606,3,0
794,0,3
1769,1,2
1777,4,2
4607,1,0
795,0,3
3639,2,1
3761,1,1
4608,3,0
796,0,3
879,1,5
1093,1,1
1227,1,3
797,0,7
798,1,0
799,1,3
800,2,0
1273,2,1
2199,2,1
3585,2,2
4609,3,0
2155,2,5
3434,5,2
801,0,1
2878,1,4
802,0,2
4610,2,0
804,0,1
3626,3,1
805,0,4
2831,3,3
3598,3,1
4611,2,0
4612,2,0
806,0,3
906,1,3
807,0,3
3412,4,1
4613,1,0
4614,1,0
808,0,1
4615,2,0
810,0,5
1837,1,4
3352,2,4
4616,1,0
4617,1,0
4618,3,0
811,0,1
4619,3,0
812,0,1
1862,4,5
813,0,1
2995,2,4
814,0,1
4620,3,0
815,0,5
817,1,2
1065,1,1
4621,1,0
4622,1,0
4623,1,0
816,0,5
2135,1,3
3854,1,1
4624,2,0
4625,3,0
4626,3,0
1170,2,7
1274,2,7
818,0,1
2176,6,2
4627,1,0
820,0,1
5709,2,0
2742,2,0
5777,4,0
823,0,5
2435,1,6
2436,1,2
2736,1,1
5756,3,0
824,0,1
825,0,1
826,0,2
827,1,1
1003,2,2
828,1,1
3054,3,2
829,0,1
4628,3,0
830,0,4
4629,1,0
4630,2,0
4631,1,0
832,0,2
2056,1,1
3069,1,1
1000,1,1
4632,2,0
834,0,3
4633,1,0
835,0,3
2214,1,1
3865,6,2
4634,1,0
836,0,2
1094,1,3
3231,4,0
837,0,2
1287,2,5
2066,1,1
838,0,2
4637,3,0
4638,3,0
839,0,8
3373,2,2
3422,4,4
4639,1,0
4640,1,0
4641,3,0
4644,1,0
840,0,7
4642,1,0
4643,1,0
841,0,2
3750,3,1
4645,2,0
842,0,1
3491,2,3
947,1,1
844,0,2
1100,1,1
845,0,1
846,0,2
4646,3,0
847,0,1
848,0,1
3580,5,0
4647,2,0
850,0,2
4648,1,0
851,0,1
1108,1,2
852,0,2
3036,1,1
853,0,5
2134,1,1
2927,4,5
4649,1,0
4650,3,0
4651,1,0
855,0,7
856,1,7
4652,1,0
4653,2,0
4654,1,0
4655,3,0
4656,2,0
4659,2,0
2157,4,1
2930,3,2
3436,1,2
3569,3,1
4657,2,0
4658,2,0
2350,1,3
858,0,2
4660,3,0
859,0,1
3057,4,2
860,0,2
861,1,8
865,3,1
862,1,1
1369,1,1
1522,2,0
1540,2,0
4661,1,0
5363,1,0
863,0,2
4662,3,0
4663,4,0
864,0,3
4664,2,0
5493,1,0
866,0,4
1066,1,3
1305,2,0
3591,2,0
4665,2,0
867,0,6
2148,1,1
3891,2,1
4666,2,0
868,0,4
1132,1,2
4667,3,0
4668,2,0
869,0,5
887,1,1
944,1,8
1466,2,1
1482,1,1
4669,1,0
870,0,1
4670,3,0
871,0,4
2755,1,4
2989,3,8
3753,5,2
872,0,3
3004,2,2
3166,2,4
873,0,3
1245,1,3
4671,1,0
874,0,1
4672,3,0
875,0,2
1133,1,3
2758,2,3
876,0,3
889,1,1
3619,1,1
4673,5,0
877,0,2
878,0,6
2353,3,2
4674,2,0
4675,2,0
4676,2,0
4677,2,0
4678,2,0
1139,1,5
4679,2,0
880,0,4
1916,1,2
2018,2,0
4680,2,0
883,0,1
942,1,2
884,0,2
1098,1,4
2933,4,2
885,0,3
4681,1,0
4682,3,0
4683,1,0
888,0,2
4684,1,0
1193,1,5
1291,2,1
4687,3,0
891,0,2
2768,2,2
4688,2,0
892,0,5
2769,1,3
2837,2,1
893,0,2
4689,3,0
894,0,2
4690,3,0
896,0,1
4691,3,0
897,0,6
898,1,6
1071,2,2
3860,3,1
4692,1,0
4693,1,0
4695,2,0
2317,2,4
2928,2,3
4694,1,0
899,0,2
3219,3,3
4696,3,0
900,0,7
901,1,1
902,1,1
903,1,0
904,1,0
2856,1,5
4697,1,0
4698,1,0
3932,2,9
905,0,6
930,1,1
2075,1,2
4699,2,0
4701,2,0
4702,2,0
4700,4,0
2260,3,6
909,0,3
910,1,3
3695,1,0
6320,2,0
6053,1,0
6054,1,0
911,0,4
2387,1,1
3983,5,1
4703,2,0
4704,3,0
912,0,7
913,1,2
1945,2,1
3982,4,1
5158,2,0
5159,2,0
5160,2,0
4705,2,0
4706,2,0
2102,1,2
915,0,3
1818,2,7
2378,2,0
4707,1,0
916,0,1
4708,3,0
917,0,1
918,0,1
962,4,4
919,0,1
920,0,1
921,0,1
922,0,1
3498,3,2
923,0,2
1357,3,2
4709,1,0
924,0,2
4710,1,0
925,0,2
4711,1,0
2830,1,1
927,0,3
1831,1,5
2953,1,1
4712,1,0
4713,2,0
929,0,2
3903,3,1
931,0,6
2892,5,1
2893,4,1
3037,3,2
3038,2,3
4715,1,0
4716,1,0
932,0,3
3264,2,2
933,0,4
935,2,2
1061,1,1
4717,4,0
4719,2,0
934,0,6
2993,1,1
3006,2,4
4718,2,0
4720,3,0
3010,3,2
936,0,2
2346,1,1
4721,1,0
937,0,5
1073,2,2
3749,6,1
4722,1,0
4724,1,0
938,0,2
4723,2,0
3852,1,2
4725,1,0
940,0,1
941,0,1
943,0,1
2055,1,2
1343,1,1
1344,1,2
1439,3,6
4726,1,0
4727,1,0
4728,1,0
5354,1,0
945,0,1
3018,5,4
946,0,1
3421,2,2
948,0,1
949,0,2
3070,1,1
950,0,2
3107,2,1
951,0,1
952,0,7
954,2,0
955,1,2
3173,1,3
3584,7,2
3737,3,1
4729,2,0
4731,3,0
953,0,2
4730,4,0
3216,2,1
3320,1,1
5739,2,0
5754,2,0
5766,3,0
957,0,1
958,0,1
4732,3,0
4969,2,0
960,0,2
1504,2,4
4733,1,0
961,0,2
4734,1,0
963,1,0
1314,3,3
3056,3,3
4735,3,0
964,0,2
4736,2,0
965,0,4
2920,1,1
966,0,4
971,1,1
3093,3,0
3094,3,0
6194,1,0
967,0,2
1886,3,6
4737,1,0
968,0,1
3097,3,0
969,0,1
970,0,2
4738,1,0
4739,1,0
972,0,3
973,1,1
4740,1,0
4741,1,0
3088,1,15
974,0,1
3311,1,1
975,0,2
3247,1,1
976,0,1
979,3,3
977,0,1
978,0,1
980,1,1
2934,4,5
4742,1,0
981,1,1
4743,3,0
982,0,1
983,0,1
2272,3,2
984,0,9
986,2,0
4744,2,0
4745,3,0
4746,3,0
4747,3,0
4748,3,0
4749,1,0
4750,2,0
985,0,4
987,0,1
988,0,10
1350,1,1
1352,1,1
1440,3,3
1574,2,0
1575,2,0
1584,2,0
4751,1,0
4752,1,0
5332,1,0
989,0,1
4753,3,0
990,0,1
4754,3,0
991,0,1
3133,3,1
992,0,1
4755,3,0
993,0,1
4756,7,0
994,0,1
995,0,1
996,0,1
997,0,1
998,0,1
999,0,1
4757,2,0
1002,0,5
1276,1,6
1804,1,2
1805,1,2
4758,1,0
5096,3,0
3055,1,1
4759,3,0
1004,0,3
3271,1,2
4760,1,0
1005,0,3
1765,1,2
4761,2,0
5082,1,0
1006,0,5
1787,2,5
5093,1,0
5099,1,0
1007,0,6
1008,1,1
1467,2,4
1592,5,0
4762,1,0
4968,2,0
4996,2,0
1491,1,1
1009,0,3
2923,2,6
3387,2,3
4763,1,0
1010,0,1
4764,2,0
4765,2,0
1013,0,8
1018,1,3
3718,2,0
3721,2,0
3724,2,0
3727,2,0
4766,1,0
4767,1,0
4768,1,0
1014,0,2
4769,1,0
1015,0,2
4770,1,0
1016,0,2
4771,1,0
1017,0,2
4772,1,0
2242,2,4
5092,2,0
5094,2,0
1019,0,5
2212,1,3
4773,2,0
4774,2,0
4775,3,0
1020,0,3
4776,1,0
1021,0,2
3028,4,3
4777,5,0
1023,0,1
4780,6,0
1024,0,1
4781,6,0
1025,0,1
1026,0,1
1027,0,1
1028,0,2
1029,0,2
2909,2,6
1030,0,1
1031,0,1
1032,0,1
1033,0,1
4782,3,0
1034,0,1
1035,0,1
1036,0,7
1039,1,4
1043,2,0
1044,2,0
3719,2,0
3722,2,0
4783,1,0
4784,1,0
1037,0,2
4785,1,0
1038,0,2
4786,1,0
6047,1,0
6048,1,0
6049,1,0
1040,0,2
1041,1,6
1042,1,1
3875,2,0
3878,2,0
6472,1,0
6473,1,0
6474,1,0
1045,0,8
2377,2,7
3876,1,1
3998,1,1
4001,2,0
4787,1,0
4788,1,0
4789,1,0
6475,2,0
1046,0,1
4790,2,0
1047,0,1
2360,2,3
1048,0,1
1049,0,1
1050,0,1
4791,3,0
1051,0,4
2028,1,2
2216,2,5
4792,2,0
4793,3,0
1052,0,1
1053,0,3
1171,1,3
4794,1,0
4795,2,0
1054,0,6
2396,1,2
2799,1,4
3520,1,1
4796,2,0
4797,3,0
4798,1,0
4799,1,0
1056,0,2
1057,0,3
1984,2,1
5236,1,0
1058,0,1
1059,0,1
3916,5,7
1060,0,3
1266,1,1
3171,4,1
4800,3,0
4801,1,0
1062,0,2
4802,3,0
1063,0,2
2810,2,1
1064,0,1
4803,1,0
1164,1,1
4804,2,0
1067,0,2
3431,2,4
1068,0,1
4805,2,0
1069,0,1
1070,0,2
2790,1,3
4806,2,0
1072,0,2
3886,6,1
4807,3,0
2400,3,1
1074,0,2
1180,1,3
4808,3,0
1075,0,1
4809,3,0
1076,0,1
4810,2,0
1077,0,1
1741,2,4
1078,0,1
1079,0,1
1080,0,1
3888,4,0
1081,0,1
4811,3,0
1120,1,2
1083,0,1
3364,4,3
1084,0,1
3366,2,1
1085,0,3
2356,2,2
4812,3,0
4813,2,0
1087,0,2
1851,2,2
3356,3,1
1088,0,2
4814,3,0
1089,0,3
1090,1,2
4815,2,0
1252,2,6
2935,2,2
1091,0,1
2997,1,2
1092,0,2
2337,1,3
3279,2,2
1749,1,1
2029,1,3
4816,2,0
1905,1,1
2314,2,1
1096,0,2
1264,1,2
4817,2,0
1097,0,2
4818,2,0
4819,1,0
3492,4,1
1101,0,3
2262,1,1
4820,2,0
2027,1,1
2124,1,1
4821,2,0
4822,2,0
2327,1,1
1104,0,3
1105,1,2
4823,1,0
3140,2,1
4824,1,0
1109,0,1
3515,5,4
1110,0,1
1843,1,4
2261,2,3
4825,2,0
4826,2,0
1112,0,4
1114,0,1
4030,1,1
1115,0,5
2205,1,1
3655,1,2
3856,1,1
4827,3,0
2833,1,2
3229,2,5
3712,2,0
1117,0,4
3369,3,0
3546,3,1
4828,1,0
4829,1,0
2399,1,1
2854,2,2
3623,3,2
4830,2,0
1121,0,6
2076,1,1
3593,2,0
4831,2,0
4832,2,0
4834,2,0
1122,0,7
3533,2,0
4833,3,0
1123,0,4
3335,2,0
1124,0,2
1125,0,4
2952,1,1
3901,2,1
4835,2,0
1126,0,2
2259,1,3
1127,0,1
1128,0,2
2784,2,1
1129,0,1
2286,1,8
1130,0,2
3050,3,1
4836,1,0
1131,0,4
2764,1,4
3087,2,1
4837,1,0
2059,1,2
2333,1,0
4838,2,0
1134,0,2
2759,2,5
3244,3,1
1136,0,1
3897,4,2
1137,0,3
2345,2,1
2593,3,3
4839,2,0
2196,1,2
3788,2,1
4840,2,0
4841,2,0
2197,3,2
3709,2,1
4842,3,0
1140,0,1
1141,0,1
1142,0,1
1143,0,1
1144,0,2
4843,1,0
1145,0,2
3245,3,1
3476,2,1
1146,0,4
2349,1,1
4845,2,0
4846,2,0
1147,0,4
3866,5,2
4844,2,0
1148,0,2
4847,2,0
1149,0,6
3803,1,3
3807,1,1
3809,2,1
3811,3,5
3821,2,1
4848,2,0
1150,0,6
3789,1,4
3797,2,0
3798,1,0
3801,2,1
6459,1,0
1151,0,2
1907,1,1
1152,0,2
1153,0,1
3644,2,1
1154,0,2
3513,3,3
1155,0,2
1156,0,5
4849,2,0
4854,3,0
4855,2,0
4859,2,0
1157,0,2
4850,3,0
4856,2,0
1158,0,3
4851,2,0
4853,3,0
4857,2,0
1159,0,2
4852,3,0
4858,2,0
1160,0,7
2996,1,8
1161,0,1
3870,4,2
1162,0,3
1962,1,1
1963,1,1
4860,2,0
1163,0,2
2232,1,6
3553,6,4
3447,1,1
1165,0,3
2937,1,1
3265,2,2
4861,1,0
1166,0,1
1319,2,2
1167,0,1
1168,0,2
1191,1,3
1251,1,11
1169,0,2
2401,1,2
1281,2,2
3204,3,2
1172,1,1
1173,1,1
1735,1,6
3867,6,2
1174,0,2
2039,3,6
1175,0,2
1285,2,3
2237,2,5
1176,0,4
3348,4,1
4862,2,0
1177,0,1
3380,3,3
1178,0,1
4863,2,0
1256,1,1
4864,1,0
4865,1,0
4866,2,0
4867,2,0
1181,0,7
1881,2,1
1182,0,1
1183,0,1
3913,2,5
1184,0,1
4868,2,0
2174,2,5
1187,0,9
1189,2,9
1327,1,1
3111,1,1
3425,1,1
4869,2,0
4870,1,0
4873,1,0
4874,1,0
4878,2,0
1188,0,4
4871,1,0
4872,1,0
1209,2,4
4875,1,0
4876,8,0
4877,2,0
1190,0,3
2987,1,3
4879,3,0
4880,2,0
4881,3,0
4882,3,0
2800,3,3
3912,3,9
4883,2,0
4885,3,0
4884,1,0
1195,0,1
1196,0,1
1197,0,1
1199,0,5
1825,3,0
2943,2,1
4886,2,0
1200,0,1
1201,0,1
2951,3,2
1203,0,7
3808,1,3
3825,1,0
3826,1,0
3827,1,0
3843,1,1
4887,2,0
1204,0,4
3799,4,1
6461,3,0
1205,0,2
3812,2,5
5033,2,0
1206,0,2
5034,2,0
1207,0,2
2248,1,3
1210,2,0
2847,2,1
2905,1,1
4888,2,0
2151,2,2
3914,3,6
1211,0,1
1212,0,1
3853,6,1
1213,0,1
1214,0,2
2054,1,1
4889,2,0
1215,0,2
2099,2,2
2917,1,1
1216,0,2
4890,2,0
1217,0,1
1218,0,1
1219,0,6
1221,1,0
1222,1,5
1238,1,7
4891,1,0
4892,1,0
4895,1,0
1220,0,1
1373,3,6
1358,1,1
1359,1,1
4893,1,0
4894,1,0
5359,1,0
1223,0,2
2422,1,4
2661,3,1
5699,1,0
3199,3,1
1226,0,2
3446,1,3
4896,5,0
1228,0,2
1840,1,2
2263,1,1
1229,0,2
1750,1,3
4897,3,0
4898,1,0
1231,0,2
1232,0,2
1233,0,4
2301,2,4
4899,2,0
1234,0,1
1235,0,2
3551,3,1
1236,0,1
1237,0,4
1279,1,9
4900,1,0
4901,2,0
4902,3,0
1239,1,1
1240,1,6
1241,1,1
1243,1,1
2012,3,2
4903,1,0
4904,1,0
1388,2,0
1389,2,0
3609,2,0
3610,2,0
4905,1,0
1242,1,1
1390,3,2
3201,1,3
4906,1,0
3257,3,1
3333,2,0
3633,2,1
1247,0,2
4907,1,0
1248,0,1
1249,0,1
1250,0,3
3423,2,0
3713,2,3
2255,2,2
3319,4,1
4908,3,0
4909,3,0
4910,1,0
4911,1,0
4912,1,0
4913,3,0
4914,2,0
4915,2,0
4916,1,0
1253,0,4
4917,1,0
1254,0,4
3206,1,1
4918,1,0
4919,2,0
4920,3,0
1255,0,3
3086,1,2
3175,4,1
3478,2,0
4921,1,0
1258,0,2
3106,3,3
1259,0,2
3024,3,4
4922,1,0
1261,1,3
3312,2,1
4923,3,0
4924,2,0
1262,0,1
1263,0,2
2181,1,1
2844,1,2
4925,7,0
1265,0,2
1268,1,1
4926,2,0
1269,0,2
1270,0,1
4927,3,0
1271,0,5
1950,2,1
2143,1,1
3112,2,4
3164,1,1
1272,0,1
4031,2,1
2016,1,2
4928,1,0
4929,7,0
4930,1,0
4931,1,0
4932,1,0
1275,0,2
3181,3,1
1801,2,1
1802,2,0
4933,1,0
5101,1,0
5102,1,0
1277,0,1
2498,2,4
2015,1,1
3017,2,2
3323,1,1
4934,1,0
4935,1,0
4936,2,0
4937,1,0
1280,0,2
3160,1,1
4938,2,0
1282,0,2
4939,2,0
4940,4,0
1283,0,6
3804,2,3
3805,2,3
3806,2,1
3810,2,0
3813,3,1
4941,2,0
1284,0,3
1309,1,5
3802,1,2
3341,1,1
4942,1,0
1286,0,3
2247,2,1
4943,1,0
1288,1,4
1289,2,0
2081,1,1
2932,1,1
3419,1,1
3381,2,2
3887,9,0
4944,1,0
1292,0,3
1293,0,3
1294,0,1
2049,1,2
1297,0,6
2276,1,6
3869,4,1
4945,1,0
4946,1,0
4947,1,0
1298,0,1
2078,1,3
1299,0,1
1300,0,1
1301,0,1
1302,0,1
1303,0,3
2091,1,1
4948,1,0
5688,6,0
1304,0,3
2618,2,2
2666,1,3
1306,0,2
3628,7,2
4949,3,0
1307,0,2
1308,0,6
3814,2,1
3818,3,8
4950,2,0
6463,1,0
6466,1,0
6006,2,0
6007,2,0
6458,2,0
1310,0,6
4951,1,0
4952,1,0
4953,1,0
4954,3,0
1312,0,4
3072,3,3
4955,2,0
4956,2,0
1313,0,5
2227,1,1
4957,2,0
4958,3,0
1841,2,4
1315,0,1
1316,0,2
2234,1,2
1317,0,1
4959,3,0
4960,3,0
1320,0,4
3370,1,1
4961,1,0
4962,1,0
1321,0,1
1322,0,1
1323,0,1
2058,1,1
1325,0,1
1326,0,1
1328,0,2
4963,2,0
1329,0,1
1330,0,1
1331,0,1
1332,0,1
1333,0,1
1334,0,4
3689,2,0
3697,2,0
6192,1,0
6193,1,0
1335,0,2
1450,1,2
1336,0,2
1423,3,4
1671,5,9
1337,0,2
1338,0,2
1587,2,0
1710,4,6
1339,0,2
1463,4,7
1666,3,6
1340,0,2
1341,0,2
1652,2,9
1342,0,2
1465,2,0
4964,3,0
1513,1,7
4965,2,0
1346,0,2
1460,2,0
1347,0,2
1456,2,8
1461,1,1
1348,0,2
1578,2,3
1579,2,0
1349,0,2
1429,1,3
1412,1,10
1353,0,6
1354,1,1
1355,1,1
1356,1,1
1487,2,0
5997,1,0
6001,1,0
1485,2,0
1486,2,0
1477,2,0
1479,2,0
4970,2,0
1360,0,3
1427,1,5
2082,2,2
1361,0,9
1362,1,1
1363,1,1
1541,1,2
1591,1,10
1593,2,1
1834,1,0
1835,1,0
1836,1,0
5015,2,0
1364,1,1
1365,1,1
1847,1,1
1848,1,1
1366,0,5
1367,1,3
3587,2,0
3588,2,0
3589,2,0
5146,1,0
1846,1,2
5147,1,0
5149,1,0
1368,0,2
1370,2,4
5014,2,0
4972,2,0
5198,1,0
5199,1,0
1371,0,2
1531,1,1
1372,0,2
1532,2,0
1594,1,1
1413,1,3
1920,1,0
2282,1,0
5202,1,0
5203,1,0
5204,1,0
1374,0,3
1376,1,1
1416,2,6
1433,2,5
1375,0,3
1377,1,1
1948,1,1
1949,1,1
1378,0,7
1444,1,4
2014,2,4
5010,2,0
5011,2,0
5232,1,0
5233,1,0
5334,1,0
5395,1,0
1380,0,4
1392,1,2
2031,2,0
2032,2,0
1381,0,8
1382,1,1
1383,1,1
1391,1,1
4019,1,0
5335,1,0
5400,1,0
1384,1,1
1385,1,1
1386,1,1
1387,1,1
1478,1,1
1494,1,2
1604,1,0
1496,1,3
1511,1,1
1393,0,7
1394,1,1
1395,1,1
1586,2,0
5381,1,0
5459,1,0
6002,1,0
1397,1,1
1396,1,1
1398,1,1
1399,1,1
1400,1,2
1401,1,2
1403,1,1
5277,1,0
1402,1,1
5355,1,0
1405,1,2
1404,1,2
1407,1,2
5327,1,0
1406,1,2
5276,1,0
1409,1,1
5278,1,0
1408,1,1
5330,1,0
1530,2,0
1411,0,5
1437,2,3
5377,1,0
5499,1,0
5500,1,0
5501,1,0
1431,1,10
1549,2,2
1580,2,1
3688,2,0
5009,2,0
5344,1,0
5373,1,0
5550,1,0
5551,1,0
1415,1,9
6186,1,0
6187,1,0
1596,1,5
4975,1,0
4976,1,0
5553,1,0
5554,1,0
5555,1,0
5556,1,0
1417,1,1
1418,1,1
5369,1,0
5561,1,0
5562,1,0
5563,1,0
1420,1,1
1419,1,1
1421,0,3
1497,2,7
5564,1,0
1422,0,5
1424,1,4
5568,1,0
5569,1,0
5570,1,0
4977,2,0
4978,2,0
5575,1,0
5576,1,0
1449,1,6
5604,1,0
5605,1,0
5606,1,0
1425,0,4
1546,2,0
4979,1,0
5380,1,0
5607,1,0
1582,1,5
5358,1,0
5336,1,0
5639,1,0
1503,1,1
1538,1,0
2190,2,0
2191,2,0
2192,2,0
5374,1,0
1561,2,0
1562,1,1
1564,2,0
1430,0,2
1559,1,1
1603,2,0
1438,1,4
1570,1,1
3350,2,0
5019,2,0
5342,1,0
6117,1,0
6118,1,0
6119,1,0
6120,1,0
4980,2,0
5655,1,0
5656,1,0
1434,1,1
1435,1,1
5375,1,0
5799,1,0
5800,1,0
2011,1,3
1998,1,3
1436,0,2
1493,1,3
1520,1,1
1545,1,3
5816,1,0
5817,1,0
2861,2,0
5847,1,0
5848,1,0
4981,2,0
4982,2,0
5356,1,0
5901,1,0
5902,1,0
5120,1,0
5121,1,0
5331,1,0
1441,0,6
1442,1,1
1443,1,1
1517,1,1
2776,1,1
2777,1,1
4990,2,0
5908,1,0
5907,1,0
1464,1,1
5929,1,0
5930,1,0
1445,0,2
1454,1,1
1455,1,1
1446,0,2
1447,0,2
1588,2,0
1448,0,2
1568,3,6
1573,2,3
4983,1,0
4984,1,0
5348,1,0
6012,1,0
6013,1,0
6014,1,0
5657,1,0
1451,0,2
1529,3,2
6022,1,0
1452,0,2
6023,1,0
1453,0,2
6021,1,0
3118,5,3
1457,1,1
1458,1,1
3153,1,1
3154,1,1
5379,1,0
4985,2,0
1459,0,5
1462,1,1
5321,1,0
6087,1,0
6088,1,0
1471,2,0
1469,1,1
4986,2,0
5367,1,0
6132,1,0
6133,1,0
1535,4,2
5333,1,0
6173,1,0
6174,1,0
6175,1,0
1468,0,6
1470,1,1
4987,1,0
5351,1,0
6188,1,0
6189,1,0
4988,2,0
4989,2,0
3535,1,1
6191,1,0
1473,0,5
1536,2,2
5343,1,0
6208,1,0
6209,1,0
1474,0,4
1475,1,1
1528,1,1
1595,1,1
4991,3,0
4992,2,0
1476,0,3
1495,2,0
3548,2,0
1481,1,2
1544,2,2
5340,1,0
1483,1,1
3923,1,1
1484,0,7
1492,1,5
1498,1,1
5350,1,0
5996,1,0
5999,1,0
1534,1,2
2376,2,2
1489,0,2
1502,3,6
1490,0,2
4993,2,0
4998,2,0
5361,1,0
6611,1,0
6612,1,0
1597,1,7
4997,2,0
5279,1,0
4994,1,0
2334,2,1
6507,1,0
6508,1,0
1543,2,3
1599,1,1
1600,1,1
3965,2,0
3966,2,0
5347,1,0
1499,1,3
6035,1,0
6036,1,0
1500,0,2
1547,1,2
1548,1,2
2071,3,3
3738,2,2
5491,1,0
5492,1,0
5280,1,0
2194,2,2
1505,0,2
1506,1,1
1598,2,6
1507,1,1
1508,0,2
1509,1,1
1510,1,1
1523,1,0
5020,1,0
6630,1,0
6631,1,0
6632,1,0
1514,1,1
1515,1,1
1537,1,1
5994,1,0
5995,1,0
1516,0,4
4995,2,0
5036,2,0
5654,1,0
1518,0,4
1519,1,1
1521,2,0
1533,1,0
1524,0,3
1525,1,1
1527,2,0
5113,1,0
5484,1,0
5485,1,0
5486,1,0
5642,1,0
6641,1,0
6642,1,0
5850,1,0
5851,1,0
3135,1,1
5911,1,0
5912,1,0
5646,1,0
5647,1,0
5648,1,0
5909,1,0
5910,1,0
5370,1,0
6190,1,0
1832,1,1
1833,1,1
5200,1,0
5376,1,0
1589,1,1
1590,1,1
5003,2,0
5004,2,0
5133,1,0
5134,1,0
5378,1,0
1551,0,4
1552,1,1
1569,1,2
6121,1,0
1553,1,1
1554,1,1
1555,1,2
1556,1,1
1557,1,1
1558,2,1
2391,2,2
1560,0,5
1571,2,1
6000,1,0
6029,1,0
1563,0,2
5896,1,0
1565,0,2
5895,1,0
1566,0,6
3325,2,0
3326,2,0
3503,3,2
6108,1,0
6109,1,0
1567,0,2
2336,2,0
5007,2,0
5008,2,0
6009,1,0
6010,1,0
6011,1,0
5012,2,0
5611,1,0
3151,2,0
1572,0,2
6128,1,0
5006,1,0
6646,1,0
6647,1,0
1576,0,2
1577,0,2
5613,1,0
5614,1,0
6031,1,0
1583,1,2
5346,1,0
6107,1,0
3281,1,1
1585,0,2
4017,2,0
4018,2,0
5108,1,0
5109,1,0
5110,1,0
5111,1,0
5112,2,0
3383,1,1
5016,2,0
5017,1,0
5018,1,0
5623,1,0
5624,1,0
5625,1,0
1605,2,0
1606,2,0
5338,1,0
6199,1,0
6200,1,0
6201,1,0
5362,1,0
2013,2,2
1999,2,2
1601,0,2
1602,0,4
5337,1,0
6625,1,0
1607,0,2
1975,1,10
2240,1,1
1608,0,2
1609,1,8
3922,2,0
1991,1,2
3679,2,2
3680,2,0
5072,2,0
5239,1,0
5240,1,0
1981,2,3
6159,2,0
1612,0,2
5021,2,0
5490,1,0
3438,1,0
3444,1,1
3690,2,0
5256,2,0
5285,1,0
6325,1,0
1614,0,3
1621,1,3
1622,1,8
6239,1,0
1615,0,2
3676,2,0
5023,1,0
1616,0,5
1642,1,5
1663,2,8
1707,2,4
5024,1,0
1617,0,2
1730,2,6
1732,3,7
1618,0,4
3642,1,1
3643,1,1
1619,0,2
1712,1,1
1620,0,5
1706,3,3
5320,1,0
6234,1,0
6235,1,0
1705,1,6
2007,1,1
6240,1,0
5051,1,0
5052,1,0
5360,1,0
6385,1,0
6386,1,0
6387,1,0
6388,1,0
1623,0,5
1654,4,7
1665,1,2
6246,1,0
6247,1,0
1624,0,3
1659,1,8
1675,3,4
1676,3,3
1625,0,5
1696,3,4
1722,4,4
6220,1,0
6266,1,0
6267,1,0
1626,0,3
1630,1,2
6271,1,0
1627,0,2
1672,2,7
1678,4,2
1628,0,3
1731,3,0
5028,4,0
5029,1,0
1629,0,2
1733,2,0
1631,0,2
1664,2,2
1698,6,9
1632,0,2
1633,0,5
1634,1,2
1635,1,3
1636,2,3
1648,1,1
3656,2,0
6422,1,0
6423,1,0
1637,1,3
6435,1,0
3645,1,2
3755,2,0
3756,2,0
6279,1,0
6280,1,0
6281,1,0
1638,0,3
3730,2,0
3732,2,0
5025,3,0
1639,0,5
1643,1,6
3729,1,1
3731,1,1
6363,1,0
6368,1,0
1640,0,2
1641,1,1
3701,1,2
5026,5,0
6362,1,0
6367,1,0
6370,1,0
1674,2,9
1680,2,1
3760,2,0
6364,1,0
6365,1,0
6369,1,0
1644,0,3
5027,3,0
6304,1,0
6305,1,0
1645,0,2
3661,2,0
1646,0,1
1647,0,5
1650,2,2
1658,2,10
1685,4,5
3717,2,0
6359,1,0
1649,0,4
6248,1,0
6249,1,0
6438,1,0
6439,1,0
1651,0,5
3665,1,2
3666,1,2
3739,2,0
3740,2,0
5030,1,0
1653,1,2
1728,2,1
5035,2,0
6381,1,0
6382,1,0
3660,1,2
1703,2,1
5364,1,0
6429,1,0
6430,1,0
6431,1,0
1655,0,5
1656,1,4
1657,1,2
1708,1,6
2009,3,2
6263,1,0
6264,1,0
6265,1,0
6437,1,0
1673,1,8
2010,2,5
5031,1,0
5032,1,0
5345,1,0
6300,1,0
6301,1,0
6302,1,0
6303,1,0
1660,1,3
1661,1,6
1688,1,2
3524,1,0
6276,1,0
6277,1,0
6278,1,0
1670,2,6
6351,1,0
6352,1,0
6347,1,0
6348,1,0
6349,1,0
6350,1,0
1662,0,6
1681,2,0
1683,2,0
6255,1,0
6256,1,0
6257,1,0
1689,1,2
1690,1,2
6330,2,0
6331,2,0
6361,1,0
6366,1,0
6371,1,0
6252,1,0
1717,1,2
1718,1,2
5366,1,0
6227,1,0
6228,1,0
1667,0,2
1668,1,9
1669,2,5
3670,2,0
3671,1,1
3672,2,0
3673,1,1
3674,1,1
3675,1,1
6307,1,0
1677,1,4
5352,1,0
6229,1,0
6230,1,0
6212,1,0
6411,1,0
6412,1,0
6413,1,0
1684,1,3
6440,1,0
6441,1,0
6442,1,0
6443,1,0
3773,1,1
3774,1,1
6444,1,0
6445,1,0
6446,1,0
1682,1,2
3759,2,2
6292,1,0
6293,1,0
6294,1,0
1695,3,5
1697,3,4
6375,1,0
6376,1,0
6377,1,0
6378,1,0
5371,1,0
6404,1,0
6405,1,0
6406,1,0
5058,1,0
5325,1,0
6358,1,0
5353,1,0
6272,1,0
6273,1,0
6317,1,0
6318,1,0
1679,0,2
6400,1,0
6448,1,0
6398,1,0
6399,1,0
6295,1,0
6296,1,0
6297,1,0
6298,1,0
6299,1,0
1686,0,8
1692,1,7
1719,1,1
1720,1,1
6268,1,0
6269,1,0
6270,1,0
1687,0,4
1711,1,1
6236,1,0
6237,1,0
1723,1,1
5329,1,0
3647,1,1
1691,1,2
6284,1,0
3648,1,1
1693,1,5
1713,1,0
1714,1,0
1715,1,0
1716,1,0
1694,1,5
3663,1,4
6401,1,0
6402,1,0
6403,1,0
1704,2,2
6243,1,0
6244,1,0
6245,1,0
5043,1,0
5045,1,0
5047,1,0
6353,1,0
1701,2,4
6408,1,0
6410,1,0
6407,1,0
6409,1,0
1699,1,2
1700,1,2
6395,1,0
6396,1,0
6397,1,0
1721,2,2
3776,1,1
3777,1,1
1702,1,6
6253,1,0
6254,1,0
5049,1,0
5050,1,0
6355,1,0
6356,1,0
6357,1,0
6447,1,0
6261,1,0
6262,1,0
6312,1,0
6313,1,0
6314,1,0
6315,1,0
6316,1,0
5324,1,0
6424,1,0
6425,1,0
5382,1,0
6258,1,0
6259,1,0
6260,1,0
1709,1,10
6337,1,0
6338,1,0
6339,1,0
6340,1,0
5054,1,0
5055,1,0
6414,1,0
6415,1,0
6416,1,0
6417,1,0
6418,1,0
6419,1,0
3702,1,1
3703,1,1
6332,1,0
6333,1,0
6334,1,0
1826,1,0
5037,1,0
5038,1,0
5039,1,0
5040,1,0
5281,1,0
5282,1,0
5041,1,0
5042,1,0
5044,1,0
5046,1,0
5048,1,0
6354,1,0
5053,1,0
1724,0,5
1725,1,1
5056,2,0
5057,2,0
1726,1,2
1727,1,1
6436,1,0
1729,0,2
3715,1,1
3716,1,1
6343,1,0
6344,1,0
6345,1,0
6346,1,0
3769,2,0
3770,2,0
5326,1,0
6432,1,0
6433,1,0
6434,1,0
1734,0,2
2964,1,1
5059,1,0
5060,3,0
5061,1,0
5062,2,0
1736,0,5
4025,2,1
1737,0,2
3136,1,1
1738,0,2
3763,2,1
3868,2,1
1739,0,1
1740,0,2
2040,1,6
3357,1,1
5063,1,0
5064,1,0
2291,2,1
2393,1,3
3443,1,1
3699,3,0
5065,1,0
5066,1,0
5237,2,0
5238,2,0
6213,1,0
6214,1,0
6215,1,0
2723,2,0
5068,1,0
2158,3,3
2940,2,3
5069,1,0
5070,1,0
1745,0,1
5071,3,0
1746,0,1
3970,3,2
1748,0,2
2127,2,4
3029,1,5
3540,2,3
3456,1,0
5073,2,0
5074,2,0
1751,0,3
1752,0,1
4055,2,1
1756,0,1
1757,0,1
1758,0,1
1759,0,1
1761,1,1
1762,0,1
1764,2,1
1763,0,3
5075,1,0
5077,1,0
5079,1,0
1768,0,1
1774,4,1
1770,0,1
1771,0,1
1772,0,1
1773,1,2
1779,2,2
1775,0,2
1776,1,1
1778,2,3
1780,1,1
3395,1,1
5634,1,0
5635,1,0
5080,1,0
5081,1,0
2835,2,1
5083,1,0
5084,1,0
1783,0,2
1786,1,1
1811,2,1
1813,2,1
5085,2,0
1785,0,3
5087,1,0
5086,2,0
1791,2,2
5088,2,0
5103,2,0
1789,0,1
1790,1,2
1815,1,1
1814,1,2
5106,1,0
1793,0,1
1794,0,3
1795,1,1
1809,1,1
1810,5,1
3861,4,0
1796,0,5
1806,1,1
1807,1,1
1812,4,1
4026,3,2
1797,0,2
5090,2,0
1798,0,2
5091,2,0
1799,0,3
4028,2,0
1800,0,3
4027,2,0
5095,1,0
1803,0,1
5097,1,0
5098,1,0
1808,0,1
5104,1,0
5105,1,0
5107,1,0
5114,1,0
5115,1,0
6026,1,0
6027,1,0
1817,0,1
1819,1,1
1820,1,1
2379,1,1
5116,1,0
5117,1,0
5118,1,0
5119,1,0
2838,3,2
1821,0,1
5122,3,0
1822,0,2
5123,2,0
3022,1,1
3272,1,1
5124,3,0
5125,3,0
1827,0,7
1937,1,2
1938,1,6
1939,1,0
1940,1,0
5126,1,0
5214,1,0
1828,0,2
3149,2,0
5127,2,0
1852,1,5
2956,2,0
5128,1,0
5129,1,0
5130,1,0
5131,1,0
5132,1,0
3041,1,1
5136,2,0
5137,2,0
1838,0,7
2803,2,1
3190,3,2
5135,2,0
2817,2,2
5139,1,0
5140,1,0
1842,0,2
2034,1,1
5141,2,0
5142,2,0
5143,1,0
1844,0,1
5144,1,0
5145,1,0
5148,1,0
5150,1,0
3347,1,1
5151,2,0
5152,2,0
5153,2,0
2053,1,3
2308,1,7
5154,1,0
5155,1,0
2090,1,1
5161,3,0
1857,0,1
3371,3,1
1858,0,1
5162,2,0
5163,3,0
1861,0,1
2948,1,1
3235,1,4
1863,0,1
3560,3,1
1864,0,1
1865,0,1
3559,2,5
1866,0,1
5164,3,0
5165,1,0
6098,1,0
1873,2,1
5935,1,0
3781,1,2
5964,1,0
1876,0,5
2442,1,2
2565,1,3
2628,1,1
5703,6,0
1878,1,1
3286,1,1
5166,1,0
5167,1,0
5168,1,0
3710,1,1
5169,1,0
1880,0,5
3400,2,2
3542,2,1
5170,3,0
5171,1,0
1883,0,1
5172,2,0
1884,0,1
1885,0,1
1887,1,1
1888,1,1
1889,1,1
1890,1,1
1892,1,1
1893,1,1
1891,3,6
1894,1,0
1895,1,0
1896,1,0
3361,2,2
5173,1,0
5174,1,0
2970,2,6
1897,0,5
2929,1,4
3053,1,1
3066,1,1
2944,1,1
5175,2,0
5176,2,0
5177,2,0
1899,0,7
1900,0,7
2957,1,1
2960,2,0
5178,1,0
5179,1,0
5180,1,0
5181,1,0
5185,2,0
1903,0,2
5186,2,0
1904,0,2
5187,1,0
5188,2,0
1906,0,2
2208,2,2
1908,0,5
3495,1,1
3556,1,1
4024,1,1
5189,2,0
1909,0,2
3409,1,1
3469,2,1
1910,0,1
1911,0,2
1912,0,1
5190,3,0
1913,0,2
5191,2,0
1914,0,3
3042,1,3
5192,2,0
1915,0,6
5193,2,0
5194,3,0
5196,1,0
5197,2,0
1918,0,1
1919,0,1
5201,3,0
1923,0,1
3192,1,0
5291,1,0
1925,0,6
5207,2,0
5208,2,0
6636,1,0
6637,1,0
1926,0,1
1927,0,1
1928,0,9
1929,1,1
1930,1,1
1931,1,1
1932,1,1
1933,1,1
5209,1,0
5210,1,0
5211,1,0
2323,4,3
4035,2,4
1935,0,2
2899,3,4
5213,2,0
1936,0,2
2341,2,2
2164,1,1
2165,1,1
3933,2,0
3934,2,0
3935,2,0
3936,2,0
3937,2,0
3938,2,0
1941,0,1
5215,3,0
1942,0,1
2195,1,1
5216,1,0
5217,1,0
1944,0,3
1947,1,1
3967,1,1
3020,1,2
5218,1,0
5219,1,0
1951,0,2
5220,3,0
5221,3,0
1952,0,7
1953,1,1
1956,1,1
2982,1,4
5222,2,0
5223,2,0
5224,4,0
5226,2,0
5225,2,0
1954,0,4
1955,0,2
5227,2,0
1957,0,1
1958,0,3
5228,2,0
1960,0,2
1961,0,3
2024,1,1
2942,1,1
3855,3,1
1964,0,2
5229,2,0
1965,0,2
1966,1,1
3454,1,2
1967,0,1
1968,0,1
5230,3,0
5231,3,0
1971,0,3
1972,0,3
5241,1,0
1973,0,7
1988,1,6
3683,2,0
3685,2,1
5244,1,0
5245,1,0
5283,1,0
6322,3,0
1974,0,4
5246,1,0
5247,1,0
1983,1,5
2325,2,3
3681,1,1
3687,1,0
5248,1,0
5521,1,0
5522,1,0
6323,1,0
6329,2,0
1992,1,3
5249,1,0
3678,2,0
5250,1,0
1978,0,2
3122,1,1
5251,1,0
1979,0,2
5252,1,0
5261,2,0
1980,0,3
5253,1,0
5254,1,0
5255,1,0
3442,1,1
6156,1,0
6157,1,0
6326,1,0
6327,1,0
2000,2,3
5257,1,0
5258,1,0
5259,1,0
1985,0,3
3440,1,1
5260,1,0
1986,0,4
1987,1,1
3694,2,1
6004,2,0
5262,1,0
5263,1,0
5287,1,0
6328,1,0
1990,1,1
5264,1,0
5265,1,0
5266,1,0
6112,1,0
3693,2,0
5267,1,0
5268,1,0
5269,1,0
1993,0,4
5270,1,0
5271,1,0
1994,0,2
5272,1,0
1995,0,2
1997,2,0
5273,1,0
6609,1,0
6610,1,0
2991,2,0
5274,1,0
5275,1,0
3700,2,0
5284,1,0
5502,1,0
5297,1,0
2002,0,5
2390,2,0
5301,1,0
6169,1,0
3284,1,0
5302,1,0
3285,1,0
5303,1,0
5311,1,0
5312,1,0
5322,1,0
2008,0,6
3195,1,3
5323,1,0
6050,2,0
6051,2,0
6360,2,0
6495,2,0
5328,1,0
5339,1,0
6308,1,0
6309,1,0
6310,1,0
6311,1,0
2992,2,0
5349,1,0
5357,1,0
6455,1,0
5368,1,0
3504,2,0
5372,1,0
6170,1,0
6171,1,0
5383,2,0
5384,1,0
5385,3,0
2017,0,2
5386,4,0
3242,1,1
6652,1,0
6654,1,0
2022,0,1
3328,1,1
5389,1,0
5390,1,0
5391,2,0
5392,2,0
5393,3,0
5394,3,0
2096,1,3
2025,0,1
2026,0,1
5396,2,0
2319,1,1
5397,2,0
5398,2,0
5399,2,0
3894,3,1
3625,1,1
2035,0,1
2036,0,1
2037,0,1
2038,0,1
5401,1,0
5402,3,0
5403,1,0
5404,1,0
5405,1,0
3299,1,1
3300,3,2
5406,1,0
5407,2,0
2041,0,1
5408,2,0
2042,0,2
2043,0,1
2348,1,2
2044,0,1
2979,4,2
2045,0,1
2046,0,1
2047,0,1
2048,0,1
5409,2,0
3479,1,1
2051,0,2
3881,1,1
5410,2,0
6142,2,0
6476,2,0
2802,1,2
5411,3,0
3586,1,1
2057,0,1
5412,2,0
2916,1,2
2060,0,3
3180,1,1
5413,1,0
2061,0,2
5414,1,0
2062,0,3
5415,2,0
2063,0,3
2064,0,2
3658,2,1
3659,2,1
2065,0,2
2067,0,1
2068,0,1
2069,0,1
2664,2,6
5416,1,0
5417,1,0
5418,1,0
2072,0,2
2762,1,1
3225,2,2
2073,0,3
2074,1,1
3736,2,2
5420,1,0
5421,3,0
2079,0,1
2080,0,1
5422,1,0
5423,1,0
3012,1,1
5424,2,0
5425,2,0
5426,1,0
2085,0,4
2086,0,2
2926,1,3
5427,2,0
2998,1,3
5428,2,0
2088,0,2
5429,3,0
2089,0,2
4058,1,1
2092,0,1
2093,0,1
2094,0,1
2185,1,3
2095,0,1
5432,3,0
2097,0,1
3972,4,0
2098,0,1
3862,5,2
2100,0,1
5433,3,0
2101,0,3
5434,1,0
5435,1,0
2103,0,1
2104,0,1
2105,0,2
2106,1,1
2112,2,1
2107,1,1
5436,1,0
2108,0,2
2109,1,1
2110,1,1
5437,1,0
2111,0,1
5438,2,0
2113,0,4
2115,2,0
2116,2,0
5439,1,0
5440,1,0
2114,0,3
2313,1,5
5441,1,0
5442,1,0
5443,1,0
5444,1,0
2119,1,1
3778,1,1
5445,1,0
2120,0,3
2125,0,1
2126,0,2
5447,2,0
3705,3,3
5448,2,0
5449,2,0
2128,0,1
5450,3,0
2129,0,1
5451,3,0
2130,0,2
2131,0,2
2132,0,1
2133,0,1
5452,2,0
5453,1,0
3007,2,3
5455,1,0
5456,1,0
2136,0,2
5454,2,0
2137,0,2
3475,1,1
2138,0,1
5457,3,0
2139,0,1
5458,2,0
2140,0,2
2141,1,1
2373,1,4
2142,0,2
3567,1,3
5460,3,0
5461,1,0
2144,0,1
5462,2,0
2145,0,1
5463,2,0
2147,0,6
3512,2,2
5464,2,0
5465,2,0
2149,0,1
2150,0,2
2152,0,3
5466,2,0
5467,2,0
3144,1,1
2154,0,6
2156,2,0
2834,1,1
3039,1,1
5468,3,0
5469,2,0
2339,1,1
2340,1,1
3627,1,4
5470,3,0
3239,1,1
2160,0,1
2161,0,2
2839,2,2
2163,1,1
2170,1,1
2167,1,1
2166,0,2
2168,2,0
2169,1,1
5473,1,0
2171,1,1
2172,1,1
2173,1,1
5474,1,0
5475,1,0
5476,1,0
5477,1,0
5479,1,0
5478,1,0
5480,1,0
5481,1,0
5482,2,0
2177,0,2
2180,0,2
5483,3,0
2182,0,3
2715,2,1
2183,0,2
5487,3,0
2184,0,1
2816,3,3
3008,1,2
5488,1,0
2187,1,1
2188,1,1
5489,3,0
2189,0,1
3677,1,1
5494,1,0
5495,1,0
5496,2,0
5497,2,0
2198,0,2
5498,3,0
2201,0,1
5503,3,0
2202,0,1
5504,3,0
2203,0,1
3208,4,11
2204,0,2
5505,3,0
2206,0,3
3368,2,1
5506,2,0
2207,0,3
3547,4,2
5507,4,0
2209,0,2
2965,1,1
3027,2,2
2210,0,7
3501,2,1
5508,1,0
5509,2,0
5510,2,0
5511,2,0
2213,0,3
2215,0,2
3309,3,3
5512,3,0
2217,1,5
3134,2,0
5513,1,0
5514,1,0
3411,1,1
2218,0,1
2219,0,1
2220,0,1
2221,0,1
2222,0,1
2223,0,1
2224,0,2
5515,3,0
2225,0,1
2226,0,2
3895,3,1
5517,3,0
5518,1,0
2229,0,1
2230,0,1
2231,0,1
5519,2,0
3908,2,2
2233,0,2
5520,1,0
2294,1,1
2295,1,1
2238,1,3
2239,2,0
2257,1,1
5523,1,0
5524,2,0
5525,1,0
2381,1,1
2385,2,0
5527,1,0
5528,1,0
5529,2,0
5530,2,0
2245,0,2
2246,1,1
5531,3,0
5532,1,0
2302,1,1
3375,1,0
3896,6,1
2249,0,2
2845,1,2
5533,5,0
2754,1,1
3640,2,1
3641,1,2
5534,2,0
5535,2,0
3485,1,2
5536,2,0
2254,0,1
5537,3,0
5538,1,0
2258,0,2
5539,1,0
3472,1,1
5540,2,0
3233,1,2
3332,1,2
5541,2,0
5542,2,0
5543,2,0
5544,3,0
2266,0,1
2267,0,1
2268,0,1
2269,0,1
2274,2,0
2273,0,3
2275,0,1
5545,3,0
2292,1,2
5546,1,0
5547,1,0
5548,1,0
5549,1,0
2279,0,4
2603,2,4
2653,2,1
3601,3,0
2280,0,2
3650,1,1
2281,0,1
2980,1,1
3402,1,1
5557,2,0
5558,1,0
5559,1,0
5560,1,0
2287,0,1
2288,0,2
2775,1,2
3011,1,1
2289,0,3
2290,1,2
3220,1,3
5565,1,0
5566,1,0
5567,1,0
5573,1,0
5574,1,0
4008,1,1
4012,2,0
2296,0,2
3441,2,0
2297,0,1
2298,0,1
2299,0,1
2330,1,6
3893,2,0
2303,0,2
3188,1,0
5580,2,0
2304,0,3
2766,1,2
2305,0,2
3919,4,2
5581,4,0
4007,1,1
4014,2,0
4037,2,0
4039,2,0
5583,1,0
5584,1,0
5585,1,0
5586,1,0
2310,0,1
5588,1,0
5589,1,0
5591,2,0
5592,3,0
2316,0,3
3044,1,1
3892,2,1
2846,2,1
3905,3,1
5593,1,0
2318,0,3
2999,1,1
5594,1,0
2320,0,6
2322,2,0
2324,1,1
3939,2,2
5595,1,0
5596,1,0
5597,1,0
2321,0,2
3157,2,0
3159,2,0
5598,2,0
5601,1,0
5602,1,0
2326,0,2
3031,2,4
5603,2,0
3620,2,1
2328,0,2
2882,1,2
5608,2,0
5609,2,0
5610,2,0
2588,1,1
5715,7,0
5612,1,0
2335,0,3
2595,1,1
5615,2,0
5616,1,0
2760,1,4
3222,4,0
2828,1,1
5617,3,0
2344,0,2
3429,1,0
2479,1,6
5619,1,0
5620,3,0
5621,1,0
2351,0,1
5622,3,0
2352,0,1
5626,2,0
2354,0,2
5627,2,0
5628,2,0
2359,0,2
3058,1,1
3561,2,1
5631,2,0
2363,0,3
5632,2,0
5633,2,0
2364,0,2
2365,0,1
2367,0,2
2368,0,2
2369,0,1
2370,0,1
3147,1,2
5636,1,0
5637,2,0
5638,1,0
2374,0,2
3297,1,2
3634,3,3
2375,0,2
5640,1,0
5641,1,0
2380,2,0
2383,2,0
2386,2,0
5643,1,0
5644,1,0
5645,1,0
2382,1,1
2384,0,2
5650,1,0
5651,1,0
5652,1,0
5653,1,0
5658,1,0
5659,1,0
2394,0,4
2395,0,1
3451,1,1
5662,2,0
2397,0,1
2398,0,1
5663,2,0
2402,0,1
2403,0,2
2525,3,3
3608,1,1
2404,0,1
2405,0,3
2406,0,3
2485,2,2
2560,1,1
3616,2,0
2407,0,3
2669,1,0
5664,2,0
2408,0,5
2699,1,0
2700,1,0
2701,1,0
3617,3,0
2507,2,2
5665,3,0
2410,0,1
2411,0,1
2413,1,1
2452,1,1
2656,4,1
2415,1,2
2414,0,1
5666,2,0
5716,1,0
2416,0,2
2457,1,1
2512,2,2
2417,0,1
2692,2,1
2418,0,3
2458,1,1
2585,4,1
2419,0,4
2423,2,1
2608,1,0
2621,1,0
2678,3,0
2420,0,4
2516,2,8
5737,1,0
5741,1,0
2421,0,2
2626,2,2
2660,3,0
2686,4,0
5706,1,0
2425,0,2
5679,3,0
2426,0,1
2743,2,1
2440,1,2
5712,1,0
2429,0,1
2465,1,0
2431,0,1
2534,3,2
3599,2,0
5733,3,0
5778,1,0
2552,2,1
2583,2,1
2462,2,5
5764,2,0
2439,0,2
6530,1,0
5701,2,0
2441,0,3
2558,1,2
2695,1,0
2443,0,8
2482,1,2
2662,2,0
2821,2,2
5668,2,0
2460,1,2
2703,2,5
3947,2,2
2445,0,4
2469,1,2
2487,2,2
5779,1,0
2446,0,5
2530,1,1
5757,1,0
5770,3,0
2447,0,3
2544,1,1
2627,2,1
3605,3,1
2448,0,4
2601,1,1
2449,0,2
2451,1,3
5693,2,0
2450,0,2
2637,1,2
3602,2,0
5669,1,0
5670,1,0
3954,1,2
6604,1,0
6605,1,0
2735,1,0
5671,1,0
5672,3,0
2459,0,4
2463,2,2
2644,1,1
2461,0,3
2657,1,1
3955,1,2
2716,1,0
2717,1,0
2718,3,0
2719,1,0
5673,1,0
5674,1,0
2741,1,0
2466,0,3
2651,1,0
2652,1,0
2574,1,3
2708,1,1
2468,0,2
2658,1,2
5675,2,0
2470,0,3
2676,2,1
5708,2,0
2471,0,2
2559,2,1
6583,1,0
2472,0,1
2474,2,2
2473,0,3
2476,1,1
5676,3,0
2475,0,2
2483,1,2
2477,0,1
2610,1,2
5677,1,0
2526,1,6
3960,1,2
3961,1,1
5717,1,0
5718,1,0
2604,1,1
2747,2,0
6580,1,0
5687,1,0
2484,0,5
2739,3,1
5678,2,0
5771,5,0
3657,1,0
2486,0,2
6574,1,0
2488,0,1
2489,0,2
6585,1,0
2491,0,2
6643,2,0
2492,0,3
5721,2,0
5736,1,0
2493,0,4
2598,1,2
5680,2,0
5681,1,0
2494,0,2
2672,1,0
2495,0,2
3604,8,0
2497,0,2
5697,1,0
5698,1,0
2499,0,1
2500,0,1
2501,0,1
2502,0,1
2665,2,0
2505,0,1
2506,0,1
2529,1,3
2508,0,1
2510,1,1
2509,0,2
2691,1,1
2511,0,4
2561,1,4
2576,1,2
2659,3,0
2513,0,1
2514,0,2
2679,1,0
2680,1,0
3606,1,1
3607,1,1
6541,1,0
6542,1,0
2518,1,2
2520,2,2
6588,1,0
2519,0,2
2524,1,1
5683,1,0
5684,1,0
2522,0,1
2523,0,1
5686,2,0
2582,1,1
2696,1,0
2697,1,0
3775,1,1
5725,4,0
2527,0,1
2528,0,1
3958,2,2
2531,0,1
2532,0,2
2536,3,1
2535,0,1
5689,1,0
2537,0,2
4061,2,1
2538,0,6
5690,3,0
5691,3,0
5692,3,0
6533,1,0
6534,1,0
6535,1,0
2539,0,3
2556,2,1
2540,0,3
2541,0,2
2542,0,2
2543,0,2
2545,0,3
2554,1,1
3948,1,1
3962,2,2
2586,6,1
2548,0,1
2549,0,1
2550,0,1
2551,0,3
5694,4,0
2553,0,3
3796,2,0
2555,0,1
5695,1,0
2564,1,3
5696,2,0
5750,1,0
5751,1,0
5752,1,0
5753,1,0
2562,0,2
5700,1,0
2563,0,1
2751,3,0
2599,1,3
2687,1,1
2724,2,1
2566,0,1
2567,0,1
2568,0,1
2569,0,1
2570,0,1
5707,2,0
2671,2,4
5711,4,0
5732,3,0
2729,4,0
2579,0,1
2581,0,1
2614,2,1
2624,1,1
2584,0,2
3600,1,1
5713,2,0
2587,2,1
5714,1,0
5774,2,0
2589,0,2
2590,0,1
2591,0,1
2592,0,1
2636,1,1
5719,1,0
5720,1,0
5722,1,0
2597,0,2
5723,2,0
6511,1,0
2681,1,4
2600,0,2
3611,3,0
5772,1,0
5724,1,0
3363,1,1
5731,3,0
2607,0,3
5759,2,0
2609,0,3
2693,1,1
6651,1,0
2650,1,1
2613,0,3
5742,1,0
6584,1,0
5726,2,0
2616,0,2
3581,1,1
3612,3,1
5746,1,0
5775,1,0
5776,1,0
5728,1,0
5740,1,0
5755,1,0
2625,0,2
5765,1,0
5747,1,0
2640,1,1
3920,2,0
5730,2,0
5743,1,0
5744,1,0
2634,0,1
2635,0,1
2726,1,0
2638,0,1
2639,0,3
5734,1,0
5769,3,0
2641,0,4
2727,1,1
2728,1,2
2642,0,1
2643,0,1
2645,0,1
2646,0,1
2647,0,1
2648,0,1
5735,1,0
2709,1,1
2710,2,0
3940,1,4
3945,3,2
5738,1,0
5748,1,0
2684,1,1
2711,1,1
2712,1,1
2713,1,1
2714,1,1
2673,2,1
5745,1,0
5988,2,0
2667,0,2
6531,1,0
6532,1,0
2670,0,2
5749,1,0
2702,1,1
3941,1,1
2674,0,2
6566,1,0
2675,0,2
6571,1,0
2732,1,0
2677,0,2
6539,1,0
6520,1,0
6521,1,0
6522,1,0
6523,1,0
6551,1,0
6552,1,0
2685,0,3
3942,1,1
3943,1,1
2688,0,2
5760,1,0
5758,2,0
6550,1,0
2698,0,2
5761,2,0
6545,1,0
6546,1,0
6548,1,0
2704,0,4
6512,1,0
6513,1,0
2705,0,2
2706,0,4
5763,1,0
6598,1,0
6599,1,0
2707,0,1
2731,1,2
6600,1,0
6601,1,0
6602,1,0
6603,1,0
2720,0,1
6547,1,0
6528,1,0
6527,1,0
6529,1,0
2730,0,1
2733,0,4
6524,1,0
6525,1,0
6526,1,0
2734,0,2
6562,1,0
2737,0,3
6518,1,0
6519,1,0
2738,0,1
6564,1,0
6565,1,0
2749,0,1
3949,1,1
3950,1,1
3951,1,1
3952,1,1
2752,0,3
5780,2,0
2753,0,1
5781,2,0
5782,2,0
2756,0,4
2757,0,2
5783,3,0
5784,2,0
5785,2,0
5786,3,0
5787,2,0
2761,0,6
3293,1,1
5788,2,0
3884,2,4
3163,1,1
3344,1,1
3762,2,0
5789,2,0
5790,2,0
2900,1,5
2765,0,2
5791,2,0
5792,2,0
2767,0,2
5793,3,0
5794,2,0
5795,2,0
2770,0,1
2771,0,1
2772,0,1
2773,0,1
2774,0,1
2848,1,1
5796,1,0
2779,1,1
2778,1,1
5797,1,0
5798,1,0
2781,0,1
2782,0,1
2783,0,1
2785,0,2
2853,1,1
2786,0,1
2787,0,3
2788,0,2
3889,5,4
2789,0,2
2822,1,2
5801,2,0
5802,3,0
5803,3,0
2791,0,1
2792,0,1
5804,2,0
5805,3,0
2794,0,2
5806,4,0
2795,0,1
2796,0,1
2797,0,2
2798,0,3
5807,1,0
3427,1,1
5808,2,0
3918,4,1
5809,2,0
3354,2,0
3635,3,2
2804,0,3
3189,1,2
5810,1,0
5811,1,0
5812,2,0
5814,1,0
5815,1,0
2806,0,2
5813,2,0
2807,0,2
3063,1,1
3203,1,1
2870,1,1
2877,1,1
2876,1,1
2813,0,2
3221,1,5
2814,0,1
2815,0,1
5820,1,0
5821,2,0
2818,0,1
2819,0,1
2820,0,1
6577,1,0
2823,1,3
2824,1,1
5823,2,0
5824,2,0
2825,0,1
2826,0,1
5825,3,0
2827,0,1
5826,2,0
3435,2,2
5827,2,0
5828,1,0
5829,3,0
6211,1,0
5830,1,0
3621,1,2
3145,1,1
5832,1,0
5833,1,0
6560,1,0
6561,1,0
5834,2,0
5835,2,0
5836,2,0
5837,2,0
5838,1,0
5839,2,0
5840,3,0
2850,0,1
2981,1,1
5841,1,0
5842,2,0
2950,1,7
3052,2,2
3426,1,2
3522,1,1
3295,1,1
2855,0,1
5843,3,0
2857,1,1
2860,2,0
5844,1,0
5845,1,0
5846,1,0
2858,1,1
3155,2,5
2859,0,2
2862,0,2
2865,1,2
2866,3,4
2863,0,2
4003,1,1
2864,0,1
4004,1,1
2875,2,2
2867,1,1
2879,1,1
2881,2,0
5854,2,0
2869,1,3
2868,0,2
3474,3,0
5849,2,0
2871,0,2
2874,0,2
2880,2,1
2922,1,1
3590,1,1
5852,1,0
5853,1,0
5855,1,0
2883,0,3
2884,1,0
5856,1,0
2886,0,1
2888,2,2
2887,0,1
3917,4,3
2889,0,1
2890,0,1
5857,2,0
2891,0,2
3213,1,3
5858,2,0
2895,0,2
6656,1,0
2896,0,1
2897,0,1
5859,2,0
5860,2,0
3654,1,1
5861,2,0
2901,0,3
3169,1,0
3744,1,1
2902,0,1
5862,2,0
3240,1,1
2907,0,2
5863,1,0
2908,0,1
3428,3,4
2911,2,0
3227,1,2
3336,1,1
5864,1,0
2912,0,2
5865,1,0
2913,0,2
5866,1,0
5867,1,0
5868,1,0
5869,2,0
2918,0,1
5870,2,0
2921,0,2
5871,1,0
5872,1,0
5873,1,0
5874,1,0
2924,0,1
2925,0,2
3432,1,3
5875,1,0
5876,1,0
5877,1,0
5879,2,0
5878,3,0
5880,1,0
5881,1,0
5882,3,0
5883,2,0
2931,0,1
5884,1,0
5885,2,0
5886,2,0
5887,2,0
2938,0,1
2939,0,1
3260,1,1
2941,0,2
2945,0,1
2946,0,1
2947,0,2
5888,4,0
2949,0,1
5889,1,0
5890,1,0
5891,1,0
5892,1,0
5893,2,0
5894,2,0
2955,2,9
2954,0,2
2958,2,0
2959,1,1
5897,1,0
5898,1,0
5899,1,0
2961,0,1
2962,0,1
5900,3,0
2966,0,2
2967,0,1
2968,0,2
2969,0,5
2971,2,0
3536,1,1
3537,1,1
5903,1,0
5904,1,0
2972,1,2
2973,1,2
4041,1,1
4048,1,1
5905,3,0
2974,0,1
5906,3,0
2975,0,2
2978,0,1
5913,1,0
5914,1,0
5915,2,0
2983,0,3
5916,2,0
2984,0,1
2985,0,1
5917,2,0
5918,2,0
5919,1,0
5920,2,0
3009,1,2
3084,1,1
5921,3,0
5924,2,0
5927,2,0
5925,2,0
5926,2,0
5922,2,0
5923,2,0
5928,2,0
5933,1,0
3005,0,1
5936,2,0
3046,2,1
5937,2,0
6045,1,0
3016,0,2
5938,1,0
3433,2,4
5939,1,0
3019,0,2
3340,1,1
5940,1,0
3174,1,1
5941,2,0
5942,2,0
5943,1,0
5944,1,0
5947,2,0
5948,2,0
5949,2,0
5950,2,0
3030,0,1
3707,1,1
5951,2,0
5952,2,0
3766,1,3
3033,0,1
3034,0,1
5953,2,0
5954,2,0
5955,2,0
5956,2,0
5957,2,0
3040,0,1
3464,1,1
3526,1,0
5958,2,0
3043,0,2
4056,1,2
5959,1,0
3261,1,1
5960,1,0
3049,0,2
3215,1,2
5961,2,0
5962,2,0
5963,2,0
3059,0,2
3061,0,3
5965,1,0
5966,1,0
3062,0,1
3064,0,1
5967,2,0
3065,0,1
5968,3,0
3574,3,4
3068,0,3
3268,1,1
5969,3,0
3071,0,1
5970,3,0
3074,1,3
5971,2,0
3167,1,1
3226,1,3
5972,1,0
5973,1,0
5974,2,0
5975,2,0
3079,0,2
3080,0,2
3081,0,2
3082,1,1
3212,1,4
3083,0,1
3085,0,2
5977,3,0
5978,2,0
3095,1,0
3096,1,0
3720,2,0
3723,2,0
3725,2,0
3728,2,0
3990,1,1
3992,1,1
5979,1,0
5980,1,0
5985,1,0
5986,1,0
3089,0,2
5981,1,0
3090,0,2
5982,1,0
3091,0,2
5983,1,0
3092,0,2
5984,1,0
3098,0,1
3099,0,1
3100,0,1
3105,0,2
6655,1,0
5987,1,0
3108,0,1
3109,0,2
3110,0,1
5989,1,0
3906,1,1
5990,1,0
5991,2,0
5992,2,0
3113,0,4
3365,2,3
3116,0,1
3182,1,3
3117,0,2
3742,2,2
5993,1,0
5998,1,0
6003,1,0
3120,0,1
3123,0,2
6005,1,0
3124,0,3
4029,2,1
3125,0,1
6008,3,0
3126,0,1
6015,1,0
3131,0,1
3132,0,2
6016,1,0
3179,1,4
3137,0,1
3138,0,1
3139,0,3
3267,1,1
3142,0,3
6017,1,0
3143,0,2
6018,2,0
6019,1,0
6020,1,0
3146,0,1
3592,1,1
6025,1,0
3148,0,2
3156,1,1
3158,1,1
6032,1,0
6033,1,0
6034,1,0
6037,2,0
3165,0,2
6039,2,0
3415,2,0
3921,1,1
3170,0,1
3249,1,1
3534,2,2
3176,0,1
3177,0,1
3178,0,1
6040,1,0
6041,1,0
6042,2,0
3484,1,2
6043,3,0
3183,0,1
3187,0,2
6046,1,0
3193,0,1
6052,2,0
6492,1,0
3497,1,1
3198,0,2
3200,1,1
6055,1,0
6056,2,0
3305,1,1
3480,1,1
3202,0,2
6057,1,0
6058,1,0
3205,0,2
3452,1,2
6059,1,0
6060,1,0
6061,1,0
6064,2,0
6065,2,0
3209,0,6
3211,1,3
6062,2,0
6063,2,0
3210,0,5
3500,2,2
3420,1,1
3217,0,2
3218,0,2
3489,1,1
3288,1,1
3662,1,1
3466,1,3
3399,1,1
3579,1,1
6066,1,0
3223,0,1
3224,0,1
3448,1,1
3857,1,1
6067,1,0
3228,0,2
6068,2,0
3403,3,2
6069,2,0
3230,0,2
3232,0,2
6070,3,0
6071,2,0
6072,2,0
3234,0,3
6073,1,0
6074,1,0
3236,0,1
3237,0,1
3238,0,2
3765,3,3
3241,0,2
3374,2,0
6075,2,0
3243,0,1
3667,1,2
3246,0,1
6076,3,0
3248,0,1
3576,1,1
6077,2,0
6078,2,0
6079,2,0
3253,0,3
3254,0,2
3255,0,2
6080,1,0
6081,1,0
6082,1,0
3258,0,2
3649,1,1
3259,0,1
6083,1,0
6084,1,0
6085,1,0
6086,1,0
3473,2,0
3964,2,0
3269,0,2
3696,1,0
6089,2,0
3274,0,3
6090,2,0
3459,1,0
6091,2,0
6092,2,0
6093,1,0
3280,0,2
6094,1,0
6096,1,0
3298,1,1
3302,0,1
3303,0,3
3307,0,2
3308,0,2
6099,2,0
6100,2,0
3310,0,2
3313,0,2
3314,1,1
3317,0,2
6101,2,0
6102,3,0
6103,1,0
6104,1,0
3532,1,1
6105,1,0
3327,0,1
6110,2,0
3632,1,2
3331,0,1
6111,2,0
6113,3,0
3337,0,1
3338,0,1
3342,0,2
3343,0,1
6114,3,0
3345,0,1
4057,2,1
6115,1,0
6116,2,0
3349,0,2
3351,0,2
3353,1,1
6122,1,0
6123,1,0
6124,1,0
3355,0,1
6125,2,0
6126,1,0
3360,0,2
3538,3,4
3362,1,0
3539,2,0
3486,1,0
6130,2,0
6129,2,0
3367,0,2
6131,2,0
3372,0,1
3377,0,1
3378,0,1
3379,0,1
3382,2,0
3596,1,1
6134,1,0
3385,0,1
3386,0,1
6135,1,0
6136,1,0
6137,1,0
3388,0,1
6138,1,0
3390,0,1
3391,0,1
3393,0,4
6139,2,0
3394,0,1
3396,0,1
3397,0,1
3404,0,2
6140,2,0
3410,0,2
6141,1,0
6143,3,0
3714,3,2
3424,0,2
6144,3,0
6145,1,0
3571,1,1
6146,1,0
6147,2,0
6148,2,0
6149,1,0
6150,1,0
6151,2,0
6152,2,0
6153,2,0
6154,2,0
3437,0,1
6158,2,0
3449,1,1
3450,0,1
3457,1,1
6160,2,0
6161,1,0
3455,0,1
3461,0,2
3557,1,2
6162,3,0
3462,0,1
3463,0,2
3465,0,1
3470,0,1
6163,3,0
3471,0,1
3477,0,1
3482,0,2
3898,1,1
3483,0,1
6164,2,0
3487,0,4
3488,1,2
3523,1,1
6165,1,0
6626,1,0
3490,0,2
6166,2,0
3493,0,2
3494,0,1
6167,2,0
6168,2,0
6172,1,0
3505,0,1
6176,1,0
6177,1,0
3511,0,2
6178,2,0
6179,1,0
6180,2,0
6181,2,0
6182,2,0
3517,2,0
3518,2,0
6183,1,0
3516,0,4
3519,0,2
6184,1,0
6185,1,0
3525,0,2
3529,1,1
3530,1,1
6622,1,0
6623,1,0
6624,1,0
3741,1,1
3743,1,1
6195,1,0
3543,0,2
6196,2,0
6197,1,0
6198,2,0
3549,0,4
3997,2,5
6202,2,0
6633,1,0
6635,1,0
3550,0,3
6203,2,0
6634,1,0
6204,2,0
6205,2,0
6206,2,0
3555,0,1
3558,0,3
6207,1,0
3562,0,1
3563,0,1
3564,0,1
3565,0,1
3566,0,1
3568,1,1
3570,2,0
3572,0,1
3573,0,1
3575,0,2
3577,0,1
3578,0,1
3582,0,1
3583,0,1
3597,0,1
3614,0,2
3618,0,3
6217,2,0
6218,1,0
6219,1,0
6221,2,0
6222,2,0
6223,2,0
3629,0,1
3631,0,1
6224,1,0
6225,1,0
6226,1,0
3787,1,1
6231,3,0
3652,1,1
3653,1,1
6232,1,0
6233,2,0
6238,2,0
6241,1,0
6242,1,0
6250,1,0
6251,1,0
3651,1,1
6274,1,0
6275,1,0
6282,1,0
6283,1,0
3664,0,2
6285,1,0
6287,1,0
6286,1,0
6288,1,0
6290,1,0
6291,1,0
3669,0,1
6306,2,0
6613,1,0
6614,1,0
6615,1,0
6616,1,0
3691,0,1
3692,1,2
6324,1,0
3984,1,1
3698,0,1
3704,0,1
6335,2,0
6336,2,0
6341,2,0
6342,2,0
3726,0,5
6493,1,0
3735,0,1
6379,1,0
6380,1,0
6383,2,0
6384,2,0
3745,0,2
6389,1,0
3746,0,2
6390,1,0
3747,0,2
6391,1,0
3748,0,2
6392,1,0
3751,0,1
3752,0,1
6393,2,0
6394,2,0
6420,1,0
6421,1,0
6426,1,0
6427,2,0
6428,2,0
3768,0,4
6658,1,0
6449,1,0
6450,1,0
6451,1,0
6452,1,0
6464,2,0
6453,1,0
6454,1,0
6456,1,0
6457,1,0
6460,2,0
3790,0,1
3791,0,1
3836,2,0
3792,0,1
3793,0,1
3794,0,1
3816,4,2
3795,0,1
3800,0,1
3833,1,0
3834,1,0
3822,2,0
3823,1,0
3824,2,0
3820,1,1
6462,1,0
3835,2,0
3819,1,2
3830,1,0
3831,1,0
3832,1,0
3828,1,0
3829,1,0
3845,2,0
3815,0,4
3844,2,0
3817,1,1
3837,1,0
3838,1,0
3839,1,0
3840,1,0
3841,1,0
3842,1,0
6465,1,0
3846,0,1
3848,1,1
3847,0,1
3849,1,1
3851,0,1
6467,2,0
6468,1,0
6469,2,0
6470,2,0
6471,1,0
3872,0,2
3873,1,1
3874,1,1
3879,1,1
3877,0,2
3880,2,0
4005,1,0
3883,0,1
3885,0,2
6482,2,0
4002,1,1
6483,1,0
6484,2,0
6485,2,0
6486,2,0
6487,2,0
3904,0,7
6488,1,0
6489,2,0
6490,2,0
6491,2,0
6496,1,0
6497,2,0
6498,2,0
6499,2,0
6500,2,0
6501,2,0
6502,2,0
3915,0,1
6503,2,0
6504,2,0
6505,2,0
6506,1,0
3924,0,1
3925,0,1
3926,0,1
3927,0,1
3928,0,1
3929,0,1
6509,1,0
6510,1,0
6648,1,0
6649,1,0
6514,1,0
6515,1,0
6516,1,0
6517,1,0
6536,1,0
6543,1,0
6544,1,0
6549,1,0
6553,1,0
6554,1,0
6555,1,0
6556,1,0
6557,1,0
6558,1,0
6559,1,0
6563,1,0
6567,1,0
6568,1,0
6569,1,0
6570,1,0
6572,1,0
6573,1,0
6575,1,0
6576,1,0
6578,1,0
6579,1,0
6581,1,0
6582,1,0
6586,1,0
6587,1,0
6589,1,0
6590,1,0
6591,1,0
6592,1,0
6593,1,0
6594,1,0
6595,1,0
6596,1,0
6597,1,0
6618,1,0
6621,1,0
6627,1,0
6629,1,0
3987,1,1
3991,1,1
3993,1,1
3994,0,1
3999,2,0
4000,1,1
6638,1,0
6639,1,0
6640,1,0
4010,2,0
4009,1,1
4011,0,2
4013,1,1
4015,0,1
4016,0,1
6644,2,0
4034,0,2
4036,2,0
4040,2,0
4046,2,0
4051,2,0
4038,0,2
4045,2,0
4042,0,2
4043,1,1
4047,2,0
4044,0,2
4052,1,1
4049,0,2
4050,1,1
4054,2,0
4053,1,1
6645,1,0
6650,1,0
6653,1,0
6659,1,0
